,ID,N_VICTIMAS,FECHA,HORA,TIPO_DE_CALLE,Dirección Normalizada,COMUNA,pos x,pos y,VICTIMA,ACUSADO,Tipo
0,2016-0001,1,2016-01-01,1900-01-01 04:00:00,AVENIDA,"PIEDRA BUENA AV. y FERNANDEZ DE LA CRUZ, F., GRAL. AV.",8,-58.47533969,-34.68757022,MOTO,AUTO,Cruce
1,2016-0002,1,2016-01-02,1900-01-01 01:15:00,GRAL PAZ,"PAZ, GRAL. AV. y DE LOS CORRALES AV.",9,-58.50877521,-34.66977709,AUTO,PASAJEROS,Cruce
2,2016-0003,1,2016-01-03,1900-01-01 07:00:00,AVENIDA,ENTRE RIOS AV. 2034,1,-58.39040293,-34.63189362,MOTO,AUTO,Altura
3,2016-0004,1,2016-01-10,1900-01-01 00:00:00,AVENIDA,"LARRAZABAL AV. y VILLEGAS, CONRADO, GRAL.",8,-58.46503904,-34.68092974,MOTO,SD,Cruce
4,2016-0005,1,2016-01-21,1900-01-01 05:20:00,AVENIDA,"SAN JUAN AV. y SAENZ PEÃ‘A, LUIS, PRES.",1,-58.38718297,-34.6224663,MOTO,PASAJEROS,Cruce
5,2016-0008,1,2016-01-24,1900-01-01 18:30:00,AVENIDA,27 DE FEBRERO AV. y ESCALADA AV.,8,-58.44451316,-34.68475866,MOTO,OBJETO FIJO,Cruce
6,2016-0009,1,2016-01-24,1900-01-01 19:10:00,CALLE,"NOGOYA y GONZALEZ, JOAQUIN V.",11,-58.50095869,-34.6082544,MOTO,AUTO,Cruce
7,2016-0010,1,2016-01-29,1900-01-01 15:20:00,GRAL PAZ,"PAZ, GRAL. AV. y DE LOS CORRALES AV.",9,-58.50877521,-34.66977709,MOTO,AUTO,Cruce
8,2016-0012,1,2016-02-08,1900-01-01 01:20:00,AVENIDA,"BELGRANO AV. e IRIGOYEN, BERNARDO DE",1,-58.38048577,-34.61303893,MOTO,CARGAS,Altura
9,2016-0013,1,2016-02-10,1900-01-01 11:30:00,AVENIDA,ENTRE RIOS AV. 1366,1,-58.39114932,-34.62477387,PEATON,AUTO,Altura
10,2016-0015,1,2016-02-14,1900-01-01 05:14:00,AVENIDA,"SCALABRINI ORTIZ, RAUL AV. y VERA",15,-58.4376002,-34.59912758,PEATON,AUTO,Cruce
11,2016-0016,1,2016-02-14,1900-01-01 22:00:00,AVENIDA,"REGIMIENTO DE PATRICIOS AV. y QUINQUELA MARTIN, BENITO",4,-58.36882665,-34.64291993,MOTO,AUTO,Cruce
12,2016-0017,1,2016-02-15,1900-01-01 16:54:00,AVENIDA,"ACOSTA, MARIANO y JANER, ANA MARIA",8,-58.44989671,-34.65970435,PEATON,MOTO,Cruce
13,2016-0019,1,2016-02-17,1900-01-01 09:30:00,CALLE,"DE LA TORRE, LISANDRO y GARCIA GRANDE DE ZEQUEIRA, SEVERO",9,-58.50990884,-34.65468721,PEATON,PASAJEROS,Cruce
14,2016-0020,1,2016-02-17,1900-01-01 16:00:00,CALLE,SUIPACHA 156,1,-58.37952223,-34.60653282,PEATON,AUTO,Altura
15,2016-0021,1,2016-02-17,1900-01-01 23:35:00,AVENIDA,DIRECTORIO AV. y CURAPALIGUE,7,-58.45157703,-34.63063795,AUTO,AUTO,Cruce
16,2016-0022,1,2016-02-21,1900-01-01 06:00:00,AVENIDA,"9 DE JULIO AV. y ALSINA, ADOLFO",1,-58.38144696,-34.61079875,MOTO,AUTO,Cruce
17,2016-0025,1,2016-02-28,1900-01-01 04:50:00,GRAL PAZ,"PAZ, GRAL. AV. y 27 DE FEBRERO AV.",8,-58.46244952,-34.70524971,AUTO,AUTO,Cruce
18,2016-0026,1,2016-02-28,1900-01-01 07:30:00,CALLE,HOLMBERG y VEDIA,12,-58.49216191,-34.54738649,AUTO,OBJETO FIJO,Cruce
19,2016-0027,1,2016-02-28,1900-01-01 09:35:00,AVENIDA,"CURAPALIGUE AV. y DIAZ, AVELINO",7,-58.44497874,-34.63852623,AUTO,AUTO,Cruce
20,2016-0028,1,2016-03-02,1900-01-01 10:00:00,AVENIDA,VIAMONTE y 9 DE JULIO AV.,1,-58.38199706,-34.60028648,PEATON,CARGAS,Cruce
21,2016-0029,1,2016-03-04,1900-01-01 17:30:00,AVENIDA,CABILDO AV. y DEHEZA,12,-58.47378664,-34.54153077,PEATON,PASAJEROS,Cruce
22,2016-0031,1,2016-03-08,1900-01-01 12:30:00,GRAL PAZ,"PAZ, GRAL. AV. y ROCA, CNEL. AV.",8,-58.47064556,-34.69843756,MOTO,PASAJEROS,Cruce
23,2016-0034,1,2016-03-12,1900-01-01 12:30:00,AVENIDA,"ALCORTA, AMANCIO AV. y BONAVENA, OSCAR NATALIO",4,-58.40623949,-34.65076549,PEATON,PASAJEROS,Cruce
24,2016-0035,1,2016-03-13,1900-01-01 06:00:00,AVENIDA,CORRIENTES AV. y CALLAO AV.,3,-58.39228965,-34.60443527,MOTO,PASAJEROS,Cruce
25,2016-0036,1,2016-03-14,1900-01-01 00:15:00,CALLE,"HERRERA y VALLE, ARISTOBULO DEL",4,-58.37813396,-34.63668504,MOTO,PASAJEROS,Cruce
26,2016-0037,1,2016-03-19,1900-01-01 11:00:00,AVENIDA,LAFUENTE AV. y QUIRNO,7,-58.46275892,-34.64358293,MOTO,MOTO,Cruce
27,2016-0038,1,2016-03-21,1900-01-01 08:06:00,GRAL PAZ,"PAZ, GRAL. AV. y ZUVIRIA",8,-58.49683458,-34.67892743,PEATON,PASAJEROS,Cruce
28,2016-0039,1,2016-03-23,1900-01-01 01:50:00,AVENIDA,"MITRE, BARTOLOME y PUEYRREDON AV.",3,-58.40603217,-34.6088396,MOTO,PASAJEROS,Cruce
29,2016-0041,2,2016-03-29,1900-01-01 11:00:00,AVENIDA,DIRECTORIO AV. y RIVERA INDARTE AV.,7,-58.4607655,-34.63350444,MOTO,CARGAS,Cruce
30,2016-0043,1,2016-03-30,1900-01-01 18:15:00,AVENIDA,"DELLEPIANE, LUIS, TTE. GRAL. y MURGUIONDO",8,-58.47832463,-34.67494416,PEATON,CARGAS,Cruce
31,2016-0044,1,2016-03-31,1900-01-01 19:40:00,AVENIDA,"MORENO, JOSE MARIA AV. y BALBASTRO",7,-58.43213235,-34.63693953,MOTO,MULTIPLE,Cruce
32,2016-0045,1,2016-04-11,1900-01-01 10:25:00,GRAL PAZ,"PAZ, GRAL. AV. y DEL LIBERTADOR AV.",13,-58.46743471,-34.53476874,MOTO,SD,Cruce
33,2016-0047,1,2016-04-15,1900-01-01 05:30:00,CALLE,LIMA 1483,1,-58.38247061,-34.62571878,PEATON,PASAJEROS,Altura
34,2016-0048,1,2016-04-15,1900-01-01 17:40:00,AVENIDA,CORRIENTES AV. y DORREGO AV.,15,-58.44759966,-34.5917024,PEATON,PASAJEROS,Cruce
35,2016-0049,1,2016-04-17,1900-01-01 00:00:00,AUTOPISTA,AUTOPISTA 1 SUR PRESIDENTE ARTURO FRONDIZI,4,-58.37714647568196,-34.63657525428238,SD,SD,Altura
36,2016-0050,1,2016-04-19,1900-01-01 09:50:00,AVENIDA,"GORDILLO, TIMOTEO y FERNANDEZ DE LA CRUZ, F., GRAL. AV.",8,-58.47305463,-34.68550712,PEATON,PASAJEROS,Cruce
37,2016-0051,1,2016-04-20,1900-01-01 04:00:00,AVENIDA,"ALCORTA, AMANCIO AV. y BONAVENA, OSCAR NATALIO",4,-58.40623949,-34.65076549,MOTO,CARGAS,Cruce
38,2016-0052,1,2016-04-20,1900-01-01 20:00:00,AUTOPISTA,nan,13,,,MOTO,SD,Altura
39,2016-0053,1,2016-04-22,1900-01-01 09:30:00,AVENIDA,TRIUNVIRATO AV. y OLAZABAL AV.,12,-58.4842918,-34.57558053,PEATON,PASAJEROS,Cruce
40,2016-0054,1,2016-04-23,1900-01-01 21:00:00,AUTOPISTA,"AUTOPISTA DELLEPIANE LUIS TTE. GRAL. y PAZ, GRAL. AV.",8,-58.48695354,-34.68795245,MOTO,MOTO,Cruce
41,2016-0055,1,2016-04-25,1900-01-01 20:30:00,AVENIDA,"CASTILLA, RAMON, MARISCAL y FIGUEROA ALCORTA, PRES. AV.",14,-58.40021959,-34.57964781,PEATON,CARGAS,Cruce
42,2016-0056,1,2016-04-26,1900-01-01 04:45:00,AVENIDA,"CAMPOS, LUIS M. AV. 30",14,-58.42957885,-34.57660058,MOTO,OBJETO FIJO,Altura
43,2016-0058,1,2016-05-04,1900-01-01 14:00:00,CALLE,LIMA 1471,1,-58.38247542,-34.62556293,PEATON,MOTO,Altura
44,2016-0059,1,2016-05-08,1900-01-01 16:30:00,CALLE,CIUDADELA y LIMA,1,-58.38222219,-34.62728101,PEATON,PASAJEROS,Cruce
45,2016-0064,1,2016-05-14,1900-01-01 18:11:00,AVENIDA,"JUSTO, JUAN B. AV. y CARRASCO AV.",10,-58.49485242,-34.62953445,PEATON,PASAJEROS,Cruce
46,2016-0065,1,2016-05-20,1900-01-01 14:40:00,AVENIDA,GAONA AV. y ESPINOSA,6,-58.45227946,-34.61068024,PEATON,AUTO,Cruce
47,2016-0067,1,2016-05-21,1900-01-01 17:00:00,AVENIDA,"DE LA TORRE, LISANDRO y SARAZA",8,-58.48455411,-34.6751276,MOTO,PASAJEROS,Cruce
48,2016-0068,1,2016-05-22,1900-01-01 22:00:00,AVENIDA,"FIGUEROA ALCORTA, PRES. AV. y PUEYRREDON AV.",2,-58.39056593,-34.58418569,MOTO,PASAJEROS,Cruce
49,2016-0069,1,2016-05-23,1900-01-01 03:30:00,AVENIDA,ENTRE RIOS AV. y FILIBERTO,3,-58.39118948,-34.62704273,AUTO,CARGAS,Cruce
50,2016-0073,1,2016-06-11,1900-01-01 15:00:00,CALLE,"MAGARIÃ‘OS CERVANTES, A. 3900",10,-58.49021952,-34.62025108,MOTO,CARGAS,Altura
51,2016-0074,1,2016-06-12,1900-01-01 06:40:00,GRAL PAZ,"PAZ, GRAL. AV. y SCAPINO, RODOLFO",8,-58.49896559,-34.67732118,AUTO,AUTO,Cruce
52,2016-0075,1,2016-06-12,1900-01-01 23:13:00,AUTOPISTA,AUTOPISTA DELLEPIANE LUIS TTE. GRAL. y MIRALLA,8,-58.47461076,-34.66874679,PEATON,AUTO,Cruce
53,2016-0076,1,2016-06-13,1900-01-01 16:20:00,AVENIDA,SAN MARTIN AV. y CAMARONES,15,-58.46210891,-34.60356211,PEATON,PASAJEROS,Cruce
54,2016-0077,1,2016-06-13,1900-01-01 21:52:00,AVENIDA,"PERON, JUAN DOMINGO, TTE. GENERAL y ALEM, LEANDRO N. AV.",1,-58.3702777,-34.60536123,PEATON,PASAJEROS,Cruce
55,2016-0078,1,2016-06-13,1900-01-01 23:01:00,AVENIDA,BELGRANO AV. y JUJUY AV.,3,-58.40491455,-34.6146383,MOTO,MOTO,Cruce
56,2016-0079,1,2016-06-16,1900-01-01 17:13:00,AVENIDA,"DEL LIBERTADOR AV. y UDAONDO, GUILLERMO AV.",13,-58.45504154,-34.54864492,AUTO,AUTO,Cruce
57,2016-0080,1,2016-06-18,1900-01-01 06:42:00,GRAL PAZ,"PAZ, GRAL. AV. y RIVADAVIA AV.",9,-58.52927982,-34.63931752,AUTO,SD,Cruce
58,2016-0081,1,2016-06-22,1900-01-01 07:42:00,AVENIDA,"LARRALDE, CRISOLOGO AV. y MACHAIN",12,-58.4872106,-34.55904606,MOTO,AUTO,Cruce
59,2016-0082,1,2016-06-27,1900-01-01 18:24:00,AVENIDA,LA PLATA AV. 2384,4,-58.42273092,-34.64228803,PEATON,AUTO,Altura
60,2016-0083,1,2016-06-28,1900-01-01 20:46:00,AVENIDA,"ALBERDI, JUAN BAUTISTA AV. y PUAN",6,-58.44788671,-34.62539009,PEATON,MOTO,Cruce
61,2016-0084,1,2016-06-29,1900-01-01 22:00:00,CALLE,"PELLEGRINI, CARLOS y TUCUMAN",1,-58.38110563,-34.60135531,PEATON,PASAJEROS,Cruce
62,2016-0085,1,2016-06-29,1900-01-01 22:00:00,AVENIDA,"RABANAL, FRANCISCO, INTENDENTE AV. y EREZCANO",4,-58.42378834,-34.657341,MOTO,OTRO,Cruce
63,2016-0086,1,2016-06-30,1900-01-01 16:10:00,AVENIDA,"OLIVERA AV. y FALCON, RAMON L.,CNEL.",10,-58.48727942,-34.63652467,PEATON,PASAJEROS,Cruce
64,2016-0087,1,2016-07-02,1900-01-01 00:10:00,AUTOPISTA,AUTOPISTA 1 SUR PRESIDENTE ARTURO FRONDIZI y CASEROS AV.,1,-58.37864583,-34.62907067,MOTO,OBJETO FIJO,Cruce
65,2016-0088,1,2016-07-11,1900-01-01 15:30:00,CALLE,CERETTI y NUÃ‘EZ,12,-58.5015175,-34.56767549,PEATON,AUTO,Cruce
66,2016-0089,1,2016-07-14,1900-01-01 06:40:00,AUTOPISTA,"LUGONES, LEOPOLDO AV. y LA PAMPA",13,-58.43233425,-34.55185825,PEATON,AUTO,Cruce
67,2016-0090,1,2016-07-14,1900-01-01 22:00:00,AVENIDA,"SALGUERO, JERONIMO y RIVADAVIA AV.",5,-58.41971993,-34.6111224,PEATON,PASAJEROS,Cruce
68,2016-0092,1,2016-07-15,1900-01-01 11:00:00,GRAL PAZ,"PAZ, GRAL. AV. y DEL LIBERTADOR AV.",13,-58.46743471,-34.53476874,MOTO,CARGAS,Cruce
69,2016-0093,1,2016-07-17,1900-01-01 03:30:00,AVENIDA,"ALBERDI, JUAN BAUTISTA AV. y MITRE, EMILIO",6,-58.44362126,-34.62301748,AUTO,AUTO,Cruce
70,2016-0095,1,2016-07-23,1900-01-01 06:12:00,AVENIDA,MERCEDES y MOSCONI GENERAL AV.,11,-58.51713095,-34.59546519,MOTO,AUTO,Cruce
71,2016-0096,1,2016-07-25,1900-01-01 07:00:00,AUTOPISTA,AUTOPISTA DELLEPIANE LUIS TTE. GRAL.,8,-58.47433193007387,-34.66684950051973,MOTO,CARGAS,Altura
72,2016-0097,1,2016-07-26,1900-01-01 18:45:00,CALLE,SOLIS y MEXICO,1,-58.39038605,-34.6156281,PEATON,AUTO,Cruce
73,2016-0098,1,2016-07-27,1900-01-01 16:08:00,AVENIDA,SAN JUAN AV. y ALBERTI,3,-58.40042405,-34.62356174,MOTO,CARGAS,Cruce
74,2016-0099,1,2016-07-29,1900-01-01 16:00:00,GRAL PAZ,"MOSCONI GENERAL AV. y PAZ, GRAL. AV.",11,-58.52340614,-34.59798754,CARGAS,CARGAS,Cruce
75,2016-0100,1,2016-08-03,1900-01-01 23:27:00,GRAL PAZ,"PAZ, GRAL. AV. y DONADO",12,-58.49491054,-34.54795581,MOTO,OBJETO FIJO,Cruce
76,2016-0101,1,2016-08-07,1900-01-01 19:42:00,GRAL PAZ,"PAZ, GRAL. AV. y CHAVEZ, JORGE",9,-58.52932872,-34.65014993,SD,SD,Cruce
77,2016-0102,1,2016-08-10,1900-01-01 23:37:00,AVENIDA,"PERON, EVA AV. y SUAREZ, JOSE LEON",9,-58.50011639,-34.67316502,MOTO,CARGAS,Cruce
78,2016-0104,1,2016-08-14,1900-01-01 21:15:00,AVENIDA,ZINNY y SANTIAGO DE COMPOSTELA AV.,9,-58.46635001,-34.65624369,MOTO,PASAJEROS,Cruce
79,2016-0105,1,2016-08-17,1900-01-01 00:05:00,AVENIDA,"LACROZE, FEDERICO AV. y FRAGA",15,-58.45343236,-34.58435809,PEATON,PASAJEROS,Cruce
80,2016-0106,1,2016-08-19,1900-01-01 21:02:00,AVENIDA,"PELLEGRINI, CARLOS y DEL LIBERTADOR AV.",1,-58.38090932,-34.58927731,PEATON,PASAJEROS,Cruce
81,2016-0107,1,2016-08-20,1900-01-01 08:22:00,AUTOPISTA,AUTOPISTA 1 SUR PRESIDENTE ARTURO FRONDIZI y DON PEDRO DE MENDOZA AV.,4,-58.37157668,-34.65429986,MOTO,AUTO,Cruce
82,2016-0109,1,2016-08-24,1900-01-01 05:45:00,AUTOPISTA,AUTOPISTA PERITO MORENO y BARRAGAN,9,-58.52280139,-34.63659934,AUTO,OBJETO FIJO,Cruce
83,2016-0110,1,2016-08-24,1900-01-01 20:21:00,AVENIDA,"ALBERDI, JUAN BAUTISTA AV. y CARHUE",9,-58.51232237,-34.6590353,PEATON,SD,Cruce
84,2016-0111,1,2016-08-25,1900-01-01 09:30:00,AUTOPISTA,LUGONES y LA PAMPA,15,-58.47461905,-34.57663634,MOTO,CARGAS,Cruce
85,2016-0112,1,2016-08-27,1900-01-01 04:40:00,AUTOPISTA,AUTOPISTA 25 DE MAYO y AUTOPISTA 1 SUR PRESIDENTE ARTURO FRONDIZI,1,-58.38268809,-34.62282019,MOTO,OBJETO FIJO,Cruce
86,2016-0113,1,2016-08-27,1900-01-01 16:45:00,AVENIDA,"ALBERDI, JUAN BAUTISTA AV. y GUARDIA NACIONAL",9,-58.49603546,-34.64564271,PEATON,PASAJEROS,Cruce
87,2016-0114,1,2016-08-31,1900-01-01 11:20:00,CALLE,"SALGUERO, JERONIMO 1410",14,-58.41848605,-34.59394733,BICICLETA,CARGAS,Altura
88,2016-0115,1,2016-09-02,1900-01-01 11:50:00,CALLE,ARIAS y TRONADOR,12,-58.48935041,-34.54917673,SD,CARGAS,Cruce
89,2016-0116,1,2016-09-02,1900-01-01 20:20:00,AVENIDA,27 DE FEBRERO AV. y ESCALADA AV.,8,-58.44451316,-34.68475866,MOTO,AUTO,Cruce
90,2016-0117,1,2016-09-03,1900-01-01 15:30:00,AVENIDA,DEL LIBERTADOR AV. y TAGLE,14,-58.39936478,-34.58271474,AUTO,AUTO,Cruce
91,2016-0118,1,2016-09-04,1900-01-01 03:30:00,AUTOPISTA,AUTOPISTA 1 SUR PRESIDENTE ARTURO FRONDIZI KM. 2.9,1,-58.37936704,-34.62694503,AUTO,AUTO,Altura
92,2016-0119,1,2016-09-04,1900-01-01 06:40:00,AVENIDA,"LARRALDE, CRISOLOGO AV. y TRIUNVIRATO AV.",12,-58.49659234,-34.56353635,SD,SD,Cruce
93,2016-0122,1,2016-09-13,1900-01-01 07:10:00,AVENIDA,"PERON, EVA AV. 4233",9,-58.47256391,-34.65194557,BICICLETA,PASAJEROS,Altura
94,2016-0123,1,2016-09-14,1900-01-01 09:00:00,AVENIDA,"ASAMBLEA AV. y BONORINO, ESTEBAN, CNEL. AV.",7,-58.45130953,-34.64053676,MOTO,AUTO,Cruce
95,2016-0124,1,2016-09-16,1900-01-01 15:24:00,AVENIDA,RIVADAVIA AV. y RIVERA INDARTE AV.,7,-58.46271207,-34.62884871,PEATON,PASAJEROS,Cruce
96,2016-0125,1,2016-09-17,1900-01-01 12:14:00,AUTOPISTA,"AUTOPISTA PERITO MORENO y ALBERDI, JUAN BAUTISTA AV.",10,-58.49020869,-34.64243791,MOTO,MOTO,Cruce
97,2016-0126,2,2016-09-18,1900-01-01 22:45:00,CALLE,IRIGOYEN y TINOGASTA,10,-58.52572109,-34.62125906,AUTO,CARGAS,Cruce
98,2016-0127,1,2016-09-24,1900-01-01 10:25:00,AVENIDA,"ACOSTA, MARIANO y ROCA, CNEL. AV.",8,-58.44094791,-34.66677111,PEATON,PASAJEROS,Cruce
99,2016-0128,1,2016-10-02,1900-01-01 11:30:00,AVENIDA,CASTRO y PAVON AV.,5,-58.41914024,-34.6305389,PEATON,PASAJEROS,Cruce
100,2016-0130,1,2016-10-04,1900-01-01 12:30:00,AUTOPISTA,AUTOPISTA 1 SUR PRESIDENTE ARTURO FRONDIZI y BRASIL,1,-58.37910942,-34.62764717,MOTO,CARGAS,Cruce
101,2016-0131,1,2016-10-09,1900-01-01 19:13:00,CALLE,MIRAVE 3500,4,-58.39871183,-34.64539318,PEATON,AUTO,Altura
102,2016-0132,1,2016-10-10,1900-01-01 02:30:00,AVENIDA,SAN JUAN AV. y 24 DE NOVIEMBRE,3,-58.41036975,-34.62477021,AUTO,PASAJEROS,Cruce
103,2016-0133,1,2016-10-14,1900-01-01 00:05:00,AVENIDA,LAS HERAS GENERAL AV. y SANCHEZ DE BUSTAMANTE,14,-58.40204698,-34.5834269,MOTO,AUTO,Cruce
104,2016-0134,1,2016-10-23,1900-01-01 05:00:00,AVENIDA,PIEDRA BUENA AV. y 2 DE ABRIL DE 1982,8,-58.48935287,-34.67648597,MOTO,OBJETO FIJO,Cruce
105,2016-0135,1,2016-10-24,1900-01-01 05:00:00,AVENIDA,"FIGUEROA ALCORTA, PRES. AV. y PINEDO, INT.",14,-58.42260225,-34.56403694,PEATON,SD,Cruce
106,2016-0136,1,2016-10-25,1900-01-01 00:00:00,AUTOPISTA,nan,4,,,MOTO,CARGAS,Altura
107,2016-0137,1,2016-10-25,1900-01-01 00:39:00,AVENIDA,SAN MARTIN AV. y LADINES,11,-58.51537091,-34.59035925,MOTO,MOTO,Cruce
108,2016-0138,1,2016-10-27,1900-01-01 20:30:00,AVENIDA,CABILDO AV. y BLANCO ENCALADA,13,-58.4590967,-34.55922742,BICICLETA,CARGAS,Cruce
109,2016-0139,1,2016-10-28,1900-01-01 23:00:00,AVENIDA,"FIGUEROA ALCORTA, PRES. AV. y DORREGO AV.",14,-58.42008769,-34.56539579,MOTO,MOTO,Cruce
110,2016-0140,1,2016-10-31,1900-01-01 02:58:00,AVENIDA,JURAMENTO AV. y VUELTA DE OBLIGADO,13,-58.45566399,-34.56147293,PASAJEROS,PASAJEROS,Cruce
111,2016-0142,1,2016-11-05,1900-01-01 23:30:00,AVENIDA,"DEL LIBERTADOR AV. y RAMOS MEJIA, JOSE MARIA, DR. AV.",1,-58.37533517,-34.59276462,MOTO,PASAJEROS,Cruce
112,2016-0143,1,2016-11-06,1900-01-01 04:41:00,AVENIDA,27 DE FEBRERO AV. y ESCALADA AV.,8,-58.44451316,-34.68475866,MOTO,SD,Cruce
113,2016-0144,1,2016-11-07,1900-01-01 12:10:00,AVENIDA,"BROWN, ALTE. AV. 984",4,-58.35975012,-34.63343907,PEATON,PASAJEROS,Altura
114,2016-0145,1,2016-11-07,1900-01-01 20:56:00,AVENIDA,DEL LIBERTADOR AV. y LA PAMPA,13,-58.44523595,-34.55953855,MOTO,AUTO,Cruce
115,2016-0146,1,2016-11-09,1900-01-01 20:00:00,AVENIDA,PICHINCHA AV. y BRASIL,4,-58.39626094,-34.63036565,PEATON,PASAJEROS,Cruce
116,2016-0147,1,2016-11-16,1900-01-01 21:15:00,AVENIDA,"INDEPENDENCIA AV. y CEVALLOS, VIRREY",1,-58.38896772,-34.61799615,MOVIL,PASAJEROS,Cruce
117,2016-0148,1,2016-11-16,1900-01-01 22:20:00,AVENIDA,GARMENDIA AV. 4895,15,-58.46536113,-34.59484504,MOTO,MOTO,Altura
118,2016-0150,1,2016-11-18,1900-01-01 18:20:00,AVENIDA,"ALCORTA, AMANCIO AV. y TABORDA, DIOGENES",4,-58.40879146,-34.65273216,CARGAS,CARGAS,Cruce
119,2016-0151,1,2016-11-18,1900-01-01 20:35:00,CALLE,nan,0,,,PEATON,SD,Altura
120,2016-0152,1,2016-11-23,1900-01-01 21:10:00,AVENIDA,"MORENO, PERITO AV. y ZUVIRIA",7,-58.46451841,-34.64991946,MOTO,AUTO,Cruce
121,2016-0153,1,2016-11-25,1900-01-01 15:42:00,AVENIDA,ARAOZ y CORDOBA AV.,15,-58.4291709,-34.59485488,PEATON,MOTO,Cruce
122,2016-0154,1,2016-11-26,1900-01-01 14:14:00,GRAL PAZ,"PAZ, GRAL. AV. 15200",8,-58.49007772,-34.68251141,MOTO,MOTO,Altura
123,2016-0155,1,2016-11-26,1900-01-01 16:50:00,CALLE,MADERO 900,10,-58.52756365,-34.62772274,PEATON,AUTO,Altura
124,2016-0156,1,2016-11-26,1900-01-01 19:40:00,AVENIDA,INDEPENDENCIA AV. y DEAN FUNES,3,-58.40638983,-34.61943202,MOTO,PASAJEROS,Cruce
125,2016-0157,1,2016-12-03,1900-01-01 06:40:00,AVENIDA,"JUSTO, JUAN B. AV. 5645",11,-58.47576807,-34.61740997,MOTO,MOTO,Altura
126,2016-0159,1,2016-12-04,1900-01-01 07:21:00,AVENIDA,27 DE FEBRERO AV. y ESCALADA AV.,8,-58.44451316,-34.68475866,AUTO,SD,Cruce
127,2016-0160,1,2016-12-06,1900-01-01 05:30:00,AUTOPISTA,AUTOPISTA PERITO MORENO (ALTURA VELEZ SARSFIELD),9,-58.51927194,-34.63635787,CARGAS,OBJETO FIJO,Altura
128,2016-0161,1,2016-12-06,1900-01-01 07:22:00,AVENIDA,SANTA FE AV. y GODOY CRUZ,14,-58.42525456,-34.57866344,PEATON,PASAJEROS,Cruce
129,2016-0162,1,2016-12-07,1900-01-01 05:00:00,AVENIDA,"LACROZE, FEDERICO AV. y FOREST AV.",15,-58.45396573,-34.58518167,PEATON,AUTO,Cruce
130,2016-0163,1,2016-12-10,1900-01-01 07:30:00,GRAL PAZ,"PAZ, GRAL. AV. y MOSCONI GENERAL AV.",11,-58.52340614,-34.59798754,MOTO,AUTO,Cruce
131,2016-0164,1,2016-12-11,1900-01-01 06:16:00,AVENIDA,"LA PLATA AV. y POMAR, GREGORIO TTE. CNEL.",4,-58.42323628,-34.64119105,AUTO,AUTO,Cruce
132,2016-0165,1,2016-12-12,1900-01-01 08:25:00,AVENIDA,"GARCIA, MARTIN AV. 300",4,-58.36926144,-34.62841919,BICICLETA,PASAJEROS,Altura
133,2016-0168,1,2016-12-13,1900-01-01 10:40:00,AVENIDA,"LA PLATA AV. y POMAR, GREGORIO TTE. CNEL.",4,-58.42323628,-34.64119105,MOTO,AUTO,Cruce
134,2016-0169,1,2016-12-15,1900-01-01 15:30:00,AVENIDA,"NUÃ‘EZ y BALBIN, RICARDO, DR. AV.",12,-58.47935434,-34.55676497,MOTO,PASAJEROS,Cruce
135,2016-0170,1,2016-12-19,1900-01-01 17:10:00,GRAL PAZ,"PAZ, GRAL. AV. 4500",12,-58.50598256,-34.5637998,MOTO,AUTO,Altura
136,2016-0171,1,2016-12-25,1900-01-01 19:00:00,AUTOPISTA,"HUERGO, ING. AV. y AUTOPISTA 25 DE MAYO",1,-58.36607137,-34.62150748,MOTO,MOTO,Cruce
137,2016-0172,1,2016-12-26,1900-01-01 08:00:00,AVENIDA,"GARAY, JUAN DE AV. y CASTRO",5,-58.41918902,-34.63174259,MOTO,CARGAS,Cruce
138,2016-0173,1,2016-12-26,1900-01-01 19:52:00,AVENIDA,DIRECTORIO AV. y SAN PEDRITO AV.,7,-58.46749188,-34.63551751,MOTO,CARGAS,Cruce
139,2016-0174,1,2016-12-27,1900-01-01 00:00:00,AUTOPISTA,AUTOPISTA 25 DE MAYO,0,,,SD,SD,Altura
140,2016-0175,1,2016-12-27,1900-01-01 08:15:00,CALLE,"FALCON, RAMON L.,CNEL. y MEMBRILLAR",7,-58.46064174,-34.62960517,PEATON,BICICLETA,Cruce
141,2016-0176,1,2016-12-28,1900-01-01 01:41:00,AVENIDA,BELGRANO AV. y PASEO COLON AV.,1,-58.36956186,-34.61232875,MOTO,PASAJEROS,Cruce
142,2016-0177,1,2016-12-29,1900-01-01 04:00:00,CALLE,ARENALES 3319,14,-58.40966671,-34.58788235,PEATON,AUTO,Altura
143,2016-0178,1,2016-12-30,1900-01-01 16:18:00,CALLE,REPUBLICA BOLIVARIANA DE VENEZUELA y SAAVEDRA,3,-58.40288226,-34.61544091,PEATON,MULTIPLE,Cruce
144,2017-0001,1,2017-01-02,1900-01-01 01:00:00,AVENIDA,"JUSTO, JUAN B. AV. y ACHUPALLAS",11,-58.4659423,-34.61028571,MOTO,CARGAS,Cruce
145,2017-0003,1,2017-01-05,1900-01-01 03:10:00,AVENIDA,OLAVARRIA y VELEZ SARSFIELD AV.,4,-58.38957669,-34.64410277,CARGAS,CARGAS,Cruce
146,2017-0007,1,2017-01-11,1900-01-01 17:00:00,CALLE,LIMA y MEXICO,1,-58.3816166,-34.61529543,PEATON,MULTIPLE,Cruce
147,2017-0008,1,2017-01-16,1900-01-01 00:40:00,CALLE,"CABRERA, JOSE A. y BONPLAND",14,-58.43917004,-34.58494351,MOTO,PASAJEROS,Cruce
148,2017-0009,1,2017-01-16,1900-01-01 13:56:00,AUTOPISTA,AUTOPISTA 25 DE MAYO y BOEDO AV.,5,-58.41595919,-34.62743346,MOTO,CARGAS,Cruce
149,2017-0010,1,2017-01-16,1900-01-01 16:30:00,AVENIDA,DIRECTORIO AV. y RIGLOS,6,-58.4356488,-34.62828656,MOTO,AUTO,Cruce
150,2017-0011,1,2017-01-22,1900-01-01 02:30:00,GRAL PAZ,"PAZ, GRAL. AV. y BALBIN, RICARDO, DR. AV.",12,-58.5007381,-34.5497951,MOTO,OBJETO FIJO,Cruce
151,2017-0012,1,2017-01-24,1900-01-01 14:00:00,CALLE,"TRAFUL y TABORDA, DIOGENES",4,-58.40969005,-34.6505529,MOTO,CARGAS,Cruce
152,2017-0013,1,2017-01-27,1900-01-01 07:00:00,AVENIDA,"IRIARTE, GRAL. AV. 3055",4,-58.38972622,-34.65098981,PEATON,CARGAS,Altura
153,2017-0014,1,2017-01-28,1900-01-01 08:27:34,AVENIDA,DONADO y ARIAS,12,-58.49185972,-34.55046754,MOTO,MULTIPLE,Cruce
154,2017-0015,1,2017-02-02,1900-01-01 15:18:03,AVENIDA,CORDOBA AV. y CALLAO AV.,2,-58.39293417,-34.59963642,PEATON,AUTO,Cruce
155,2017-0016,1,2017-02-03,1900-01-01 05:12:21,AUTOPISTA,AUTOPISTA 25 DE MAYO KM. 8.3,1,-58.38099494,-34.62288231,MOTO,CARGAS,Altura
156,2017-0017,1,2017-02-06,1900-01-01 08:00:00,AVENIDA,"JUSTO, JUAN B. AV. y PARAGUAY",14,-58.429012,-34.58095431,MOTO,AUTO,Cruce
157,2017-0018,1,2017-02-09,1900-01-01 07:00:00,GRAL PAZ,"PAZ, GRAL. AV. y DE LOS CORRALES AV.",9,-58.50877521,-34.66977709,MOTO,AUTO,Cruce
158,2017-0021,1,2017-02-18,1900-01-01 05:30:00,CALLE,SARMIENTO y LIBERTAD,1,-58.38362373,-34.60509972,MOTO,PASAJEROS,Cruce
159,2017-0024,1,2017-02-23,1900-01-01 20:50:00,AVENIDA,RIVADAVIA AV. 7121,7,-58.46589308,-34.62955795,PEATON,PASAJEROS,Altura
160,2017-0025,1,2017-02-24,1900-01-01 17:05:00,AVENIDA,"FERNANDEZ DE LA CRUZ, F., GRAL. AV. y RIVERA INDARTE AV.",7,-58.43614426,-34.6542464,MOTO,SD,Cruce
161,2017-0026,2,2017-02-26,1900-01-01 05:15:00,AVENIDA,"MORENO, PERITO AV. y FOURNIER",4,-58.41842777,-34.64979057,AUTO,OBJETO FIJO,Cruce
162,2017-0027,1,2017-02-26,1900-01-01 21:57:00,AVENIDA,CASEROS AV. 1429,1,-58.38332245,-34.6319325,PEATON,AUTO,Altura
163,2017-0028,1,2017-02-28,1900-01-01 09:20:00,AVENIDA,GAONA AV. y FRAGATA PRES. SARMIENTO,6,-58.45475488,-34.61196327,PEATON,AUTO,Cruce
164,2017-0029,1,2017-03-07,1900-01-01 02:15:00,CALLE,MOZART y TANDIL,9,-58.48501341,-34.64742455,SD,AUTO,Cruce
165,2017-0030,1,2017-03-07,1900-01-01 08:00:00,AVENIDA,MOZART y AUTOPISTA DELLEPIANE LUIS TTE. GRAL.,9,-58.47010988,-34.65872088,AUTO,PASAJEROS,Cruce
166,2017-0031,1,2017-03-11,1900-01-01 01:30:00,CALLE,24 DE NOVIEMBRE y PAVON,3,-58.4099756,-34.62873635,AUTO,OBJETO FIJO,Cruce
167,2017-0032,1,2017-03-12,1900-01-01 05:00:00,GRAL PAZ,"PAZ, GRAL. AV. y LOS CEDROS",8,-58.48892175,-34.68359163,AUTO,AUTO,Cruce
168,2017-0033,1,2017-03-12,1900-01-01 07:30:00,GRAL PAZ,"PAZ, GRAL. AV. y GUTIERREZ, RICARDO",11,-58.52466448,-34.60325478,AUTO,AUTO,Cruce
169,2017-0034,1,2017-03-13,1900-01-01 07:50:00,CALLE,GODOY CRUZ 2651,14,-58.42554218,-34.57929036,PEATON,AUTO,Altura
170,2017-0035,3,2017-03-23,1900-01-01 05:00:00,AVENIDA,"ACHAVAL RODRIGUEZ, T., DR. AV. y VILLAFLOR, AZUCENA",1,-58.35881506,-34.61113641,AUTO,OBJETO FIJO,Cruce
171,2017-0036,2,2017-03-29,1900-01-01 18:00:00,GRAL PAZ,"PAZ, GRAL. AV. y CAMPANA",12,-58.51452347,-34.58159762,MOTO,PASAJEROS,Cruce
172,2017-0037,1,2017-03-31,1900-01-01 03:00:00,AVENIDA,"INDEPENDENCIA AV. y CEVALLOS, VIRREY",1,-58.38896772,-34.61799615,MOTO,CARGAS,Cruce
173,2017-0038,1,2017-04-01,1900-01-01 19:00:00,AVENIDA,CASTAÃ‘ARES AV. y LAUTARO,7,-58.44516857,-34.64363363,MOTO,AUTO,Cruce
174,2017-0040,1,2017-04-03,1900-01-01 09:40:00,AVENIDA,"GUIRALDES, INT. 2699",13,-58.43834197,-34.54560369,AUTO,MULTIPLE,Altura
175,2017-0041,1,2017-04-03,1900-01-01 23:15:00,CALLE,"FERNANDEZ MORENO, BALDOMERO 2186",7,-58.45485084,-34.63531854,MOTO,AUTO,Altura
176,2017-0042,1,2017-04-10,1900-01-01 09:00:00,GRAL PAZ,"LUGONES, LEOPOLDO AV.",14,,,MOTO,CARGAS,Altura
177,2017-0045,1,2017-04-14,1900-01-01 06:15:00,CALLE,NOGOYA 5940,10,-58.52449285,-34.62454175,MOTO,OBJETO FIJO,Altura
178,2017-0047,1,2017-04-23,1900-01-01 06:30:00,AVENIDA,ARGENTINA AV. y CORVALAN,8,-58.46713742,-34.6719879,MOTO,AUTO,Cruce
179,2017-0049,1,2017-04-27,1900-01-01 18:16:00,AVENIDA,"FERNANDEZ DE LA CRUZ, F., GRAL. AV. y VARELA AV.",8,-58.43850413,-34.65554754,PEATON,PASAJEROS,Cruce
180,2017-0050,2,2017-04-28,1900-01-01 11:08:08,AUTOPISTA,nan,9,,,MOTO,CARGAS,Altura
181,2017-0051,1,2017-05-01,1900-01-01 03:47:47,AUTOPISTA,nan,7,,,AUTO,AUTO,Altura
182,2017-0052,1,2017-05-05,1900-01-01 03:40:00,GRAL PAZ,"PAZ, GRAL. AV. y GOLETA SANTA CRUZ",8,-58.49413799,-34.68095739,PEATON,CARGAS,Cruce
183,2017-0053,1,2017-05-05,1900-01-01 20:16:22,CALLE,VIEYTES y VILLARINO,4,-58.37547846,-34.65326075,MOTO,CARGAS,Cruce
184,2017-0054,1,2017-05-07,1900-01-01 21:00:00,AVENIDA,"DE LOS CONSTITUYENTES AV. y MORAN, PEDRO",15,-58.48680218,-34.58689719,MOTO,AUTO,Cruce
185,2017-0055,1,2017-05-09,1900-01-01 08:30:00,AVENIDA,DE LOS CONSTITUYENTES AV. 4900,12,-58.49563989,-34.57962262,AUTO,AUTO,Altura
186,2017-0058,1,2017-05-09,1900-01-01 23:10:00,AVENIDA,CORDOBA AV. y LIBERTAD,1,-58.38403232,-34.5991594,PEATON,MOTO,Cruce
187,2017-0059,1,2017-05-11,1900-01-01 09:24:00,CALLE,BRASIL y LIMA,1,-58.38223382,-34.62693865,PEATON,PASAJEROS,Cruce
188,2017-0060,1,2017-05-13,1900-01-01 07:20:00,AVENIDA,"ESCALADA AV. y FERNANDEZ DE LA CRUZ, F., GRAL. AV.",8,-58.45966521,-34.67323292,MOTO,OBJETO FIJO,Cruce
189,2017-0061,1,2017-05-15,1900-01-01 13:29:30,AVENIDA,PARAGUAY y CALLAO AV.,2,-58.39303911,-34.59871111,PEATON,MOTO,Cruce
190,2017-0062,1,2017-05-15,1900-01-01 16:00:00,AVENIDA,"JUSTO, JUAN B. AV. y SAN BLAS",10,-58.51262106,-34.63395999,MOTO,CARGAS,Cruce
191,2017-0063,1,2017-05-17,1900-01-01 10:13:00,AVENIDA,CHILE y 9 DE JULIO AV.,1,-58.38118367,-34.61646839,PEATON,PASAJEROS,Cruce
192,2017-0064,1,2017-05-20,1900-01-01 05:00:00,CALLE,"MAIPU y PERON, JUAN DOMINGO, TTE. GENERAL",1,-58.37653284,-34.60582475,CARGAS,AUTO,Cruce
193,2017-0065,1,2017-05-22,1900-01-01 16:00:00,AVENIDA,SUAREZ AV. y HERRERA,4,-58.37709334,-34.64035082,BICICLETA,CARGAS,Cruce
194,2017-0066,1,2017-05-22,1900-01-01 18:10:00,AVENIDA,SAN MARTIN AV. y FRAGATA PRES. SARMIENTO,15,-58.46002142,-34.60409469,PEATON,PASAJEROS,Cruce
195,2017-0067,1,2017-05-23,1900-01-01 02:45:00,AVENIDA,"DIRECTORIO AV. y MORENO, JOSE MARIA AV.",6,-58.4338197,-34.62801894,MOTO,CARGAS,Cruce
196,2017-0068,1,2017-05-27,1900-01-01 19:50:00,AVENIDA,"RABANAL, FRANCISCO, INTENDENTE AV. 2950",8,-58.43580656,-34.66437532,MOTO,OBJETO FIJO,Altura
197,2017-0069,1,2017-05-24,1900-01-01 14:15:00,GRAL PAZ,"PAZ, GRAL. AV. y SCHMIDL, ULRICO",9,-58.52173071,-34.65997463,MOTO,SD,Cruce
198,2017-0070,1,2017-05-30,1900-01-01 13:20:00,CALLE,NUEVA YORK 3696,11,-58.50791763,-34.59804273,PEATON,AUTO,Altura
199,2017-0072,1,2017-06-03,1900-01-01 23:20:00,AVENIDA,DE LOS CONSTITUYENTES AV. y VALLEJOS,12,-58.49175088,-34.58226957,AUTO,AUTO,Cruce
200,2017-0073,1,2017-06-04,1900-01-01 09:00:00,AVENIDA,CORRIENTES AV. y ECUADOR,3,-58.40781467,-34.60425669,MOTO,AUTO,Cruce
201,2017-0074,1,2017-06-04,1900-01-01 12:50:00,CALLE,CASCO 133,9,-58.52567073,-34.63787791,SD,SD,Altura
202,2017-0075,1,2017-06-12,1900-01-01 22:38:00,AVENIDA,DE MAYO AV. y 9 DE JULIO AV.,1,-58.381542,-34.60906385,PEATON,MOTO,Cruce
203,2017-0076,1,2017-06-13,1900-01-01 14:50:00,AVENIDA,"CASTILLO, RAMON S., PRES. AV. y CALLE 12 (NO OFICIAL)",2,-58.38526125,-34.5780581,PEATON,CARGAS,Cruce
204,2017-0077,1,2017-06-17,1900-01-01 23:45:00,CALLE,FRAY JUSTO SANTAMARIA DE ORO 1930,14,-58.42934104,-34.58451712,MOTO,CARGAS,Altura
205,2017-0079,1,2017-06-19,1900-01-01 16:26:00,CALLE,MEXICO y DEAN FUNES,3,-58.40657493,-34.61781124,MOTO,CARGAS,Cruce
206,2017-0080,1,2017-06-22,1900-01-01 10:15:00,AVENIDA,"ALBERDI, JUAN BAUTISTA AV. y ESCALADA AV.",9,-58.49525314,-34.64487785,PEATON,CARGAS,Cruce
207,2017-0082,1,2017-06-25,1900-01-01 22:40:00,AVENIDA,ENTRE RIOS AV. y BRASIL,4,-58.39092851,-34.62932696,PEATON,AUTO,Cruce
208,2017-0083,1,2017-07-04,1900-01-01 00:25:00,AVENIDA,"ALBERDI, JUAN BAUTISTA AV. y GUARDIA NACIONAL",9,-58.49603546,-34.64564271,MOTO,CARGAS,Cruce
209,2017-0084,1,2017-07-05,1900-01-01 12:49:00,AVENIDA,DEL LIBERTADOR AV. y RODRIGUEZ PEÃ‘A,2,-58.38502878,-34.58703485,PEATON,PASAJEROS,Cruce
210,2017-0085,1,2017-07-07,1900-01-01 14:15:00,AVENIDA,"TACUARI y GARCIA, MARTIN AV.",4,-58.37261143,-34.63150425,PEATON,PASAJEROS,Cruce
211,2017-0086,1,2017-07-09,1900-01-01 07:30:00,AVENIDA,RIVADAVIA AV. y MURGUIONDO,9,-58.51876802,-34.63905965,PEATON,MOTO,Cruce
212,2017-0087,1,2017-07-10,1900-01-01 10:45:00,CALLE,24 DE NOVIEMBRE 390,3,-58.41095567,-34.61516101,PEATON,AUTO,Altura
213,2017-0088,1,2017-07-10,1900-01-01 22:30:00,AVENIDA,PASEO COLON AV. y BRASIL AV.,1,-58.36797542,-34.62519403,PEATON,PASAJEROS,Cruce
214,2017-0089,1,2017-07-13,1900-01-01 12:05:00,CALLE,"LEGUIZAMON, MARTINIANO 901",9,-58.51514709,-34.64787051,SD,AUTO,Altura
215,2017-0090,1,2017-07-15,1900-01-01 05:15:00,GRAL PAZ,"CHIVILCOY AV. y PAZ, GRAL. AV.",11,-58.51925642,-34.59171721,PEATON,AUTO,Cruce
216,2017-0091,1,2017-07-15,1900-01-01 13:00:00,GRAL PAZ,"SUPERI y PAZ, GRAL. AV.",12,-58.48671535,-34.54321216,MOTO,SD,Cruce
217,2017-0092,1,2017-07-24,1900-01-01 22:16:01,AUTOPISTA,AUTOPISTA 25 DE MAYO y AUTOPISTA 1 SUR PRESIDENTE ARTURO FRONDIZI,1,-58.38268809,-34.62282019,PEATON,AUTO,Cruce
218,2017-0093,1,2017-07-25,1900-01-01 16:48:40,AUTOPISTA,"LUGONES, LEOPOLDO AV. y PUENTE DISTRIBUIDOR SCALABRINI ORTIZ",13,-58.43633522,-34.54966288,PEATON,AUTO,Cruce
219,2017-0094,1,2017-07-27,1900-01-01 08:50:00,CALLE,"HUGO, VICTOR 2639",10,-58.52640838,-34.61765855,BICICLETA,CARGAS,Altura
220,2017-0095,1,2017-08-06,1900-01-01 08:00:00,AVENIDA,"CORDOBA AV. y SALGUERO, JERONIMO",14,-58.41894306,-34.59778875,MOTO,AUTO,Cruce
221,2017-0096,1,2017-08-07,1900-01-01 19:50:00,AVENIDA,CABILDO AV. y NUÃ‘EZ,13,-58.46756026,-34.54972741,PEATON,PASAJEROS,Cruce
222,2017-0098,1,2017-08-08,1900-01-01 12:10:00,CALLE,"BONIFACIO, JOSE 2114",7,-58.45715752,-34.63132912,PEATON,AUTO,Altura
223,2017-0099,1,2017-08-17,1900-01-01 19:45:00,AVENIDA,"FIGUEROA ALCORTA, PRES. AV. 5400",14,-58.42406784,-34.56213916,BICICLETA,AUTO,Altura
224,2017-0100,1,2017-08-21,1900-01-01 07:45:00,CALLE,REPUBLICA BOLIVARIANA DE VENEZUELA 2135,3,-58.3967447,-34.61512051,MOTO,OBJETO FIJO,Altura
225,2017-0101,1,2017-08-23,1900-01-01 10:00:00,AVENIDA,"LACROZE, FEDERICO AV. y ZAPATA",13,-58.44537508,-34.57084818,PEATON,MULTIPLE,Cruce
226,2017-0102,1,2017-08-24,1900-01-01 01:10:00,AVENIDA,"IRIARTE, GRAL. AV. y ZAVALETA",4,-58.40056767,-34.6510708,PEATON,CARGAS,Cruce
227,2017-0104,1,2017-08-25,1900-01-01 09:00:00,AVENIDA,9 DE JULIO AV. y ESTADOS UNIDOS,1,-58.38109568,-34.61853244,PEATON,CARGAS,Cruce
228,2017-0106,1,2017-08-31,1900-01-01 19:50:00,CALLE,FRAY JUSTO SANTAMARIA DE ORO y GUEMES,14,-58.42533612,-34.58035258,PEATON,PASAJEROS,Cruce
229,2017-0107,1,2017-09-01,1900-01-01 11:30:00,AVENIDA,DEL LIBERTADOR AV. y JARAMILLO,13,-58.46062311,-34.54395182,MOTO,CARGAS,Cruce
230,2017-0108,2,2017-09-02,1900-01-01 04:53:08,GRAL PAZ,"PAZ, GRAL. AV. y MACHAIN",12,-58.49491054,-34.54795581,OBJETO FIJO,AUTO,Cruce
231,2017-0109,1,2017-09-04,1900-01-01 21:00:00,AVENIDA,DIRECTORIO AV. y PORTELA,7,-58.47130269,-34.63665402,MOTO,AUTO,Cruce
232,2017-0110,1,2017-09-06,1900-01-01 14:15:00,AVENIDA,"LAVALLE y ALEM, LEANDRO N. AV.",1,-58.370488,-34.60189492,PEATON,PASAJEROS,Cruce
233,2017-0111,1,2017-09-07,1900-01-01 18:23:37,CALLE,USPALLATA y PIROVANO,4,-58.42023854,-34.6423411,PEATON,CARGAS,Cruce
234,2017-0112,2,2017-09-10,1900-01-01 09:32:17,AUTOPISTA,AUTOPISTA 25 DE MAYO y VARELA AV.,7,-58.45807401,-34.6399743,AUTO,OBJETO FIJO,Cruce
235,2017-0113,1,2017-09-11,1900-01-01 06:30:00,AVENIDA,SANTA FE AV. y MAIPU,1,-58.37697717,-34.59573848,PEATON,PASAJEROS,Cruce
236,2017-0114,1,2017-09-15,1900-01-01 02:30:00,AVENIDA,ALVEAR AV. y DEL LIBERTADOR AV.,2,-58.3910058,-34.5849866,AUTO,OBJETO FIJO,Cruce
237,2017-0115,1,2017-09-19,1900-01-01 18:52:33,AVENIDA,PAVON AV. y TREINTA Y TRES ORIENTALES,5,-58.42182126,-34.63089661,MOTO,BICICLETA,Cruce
238,2017-0116,1,2017-09-20,1900-01-01 22:24:00,GRAL PAZ,"PAZ, GRAL. AV. 5750",12,-58.51389422,-34.58075791,MOTO,OBJETO FIJO,Altura
239,2017-0118,1,2017-09-22,1900-01-01 07:02:09,AVENIDA,"VIEYTES y CRUZ, OSVALDO AV.",4,-58.37585415,-34.65232158,MOTO,AUTO,Cruce
240,2017-0120,1,2017-10-02,1900-01-01 15:55:33,AUTOPISTA,AUTOPISTA DELLEPIANE LUIS TTE. GRAL. y ESCALADA AV.,9,-58.47297505,-34.66245085,MOTO,CARGAS,Cruce
241,2017-0123,1,2017-10-10,1900-01-01 01:05:38,AVENIDA,ALBARIÃ‘O y ARGENTINA AV.,8,-58.46855503,-34.67216349,PEATON,AUTO,Cruce
242,2017-0124,1,2017-10-12,1900-01-01 14:40:28,CALLE,"RAMIREZ DE VELASCO, JUAN 1211",15,-58.44254033,-34.59185043,MOTO,PASAJEROS,Altura
243,2017-0125,1,2017-10-13,1900-01-01 06:12:20,AVENIDA,"FERNANDEZ DE LA CRUZ, F., GRAL. AV. y LARRAYA",8,-58.46622247,-34.67926929,MOTO,OBJETO FIJO,Cruce
244,2017-0126,2,2017-10-14,1900-01-01 06:15:00,AVENIDA,RIESTRA AV. y CAÃ‘ADA DE GOMEZ,8,-58.48003734,-34.68148508,AUTO,OBJETO FIJO,Cruce
245,2017-0127,1,2017-10-16,1900-01-01 07:45:00,AVENIDA,GALLO y CORDOBA AV.,2,-58.41192137,-34.59800248,MOTO,MOTO,Cruce
246,2017-0128,1,2017-10-17,1900-01-01 12:30:00,CALLE,"ARANGUREN, JUAN F., DR. 611",6,-58.44034689,-34.61349731,PEATON,PASAJEROS,Altura
247,2017-0129,1,2017-10-26,1900-01-01 19:15:15,AUTOPISTA,AUTOPISTA PERITO MORENO y AUTOPISTA 25 DE MAYO,9,-58.47155277,-34.64925746,MOTO,PASAJEROS,Cruce
248,2017-0130,1,2017-10-27,1900-01-01 05:30:00,AVENIDA,CHORROARIN y SAN MARTIN AV.,15,-58.47883099,-34.59967065,AUTO,CARGAS,Cruce
249,2017-0132,1,2017-10-30,1900-01-01 14:00:00,AVENIDA,"COSQUIN y ROCA, CNEL. AV.",8,-58.46552171,-34.6937413,MOTO,PASAJEROS,Cruce
250,2017-0134,1,2017-11-06,1900-01-01 18:00:00,AVENIDA,"ROCA, CNEL. AV. 3555",8,-58.4423972,-34.66777987,PEATON,PASAJEROS,Altura
251,2017-0135,1,2017-11-07,1900-01-01 12:14:10,AVENIDA,WARNES AV. y PUNTA ARENAS,15,-58.47032551,-34.59626814,MOTO,CARGAS,Cruce
252,2017-0136,1,2017-11-16,1900-01-01 08:43:00,AVENIDA,"BARCO CENTENERA DEL y RABANAL, FRANCISCO, INTENDENTE AV.",4,-58.41827843,-34.65522746,PEATON,PASAJEROS,Cruce
253,2017-0137,1,2017-11-17,1900-01-01 11:45:00,AVENIDA,MOSCONI GENERAL AV. y SAN NICOLAS,11,-58.51280715,-34.59279388,PEATON,CARGAS,Cruce
254,2017-0138,1,2017-11-19,1900-01-01 10:30:00,AVENIDA,"LAFUENTE AV. y PERON, EVA AV.",7,-58.46258582,-34.64385704,MOTO,OBJETO FIJO,Cruce
255,2017-0139,1,2017-11-19,1900-01-01 22:30:00,AVENIDA,"ROCA, CNEL. AV. y ESCALADA AV.",8,-58.45064148,-34.68003614,AUTO,OBJETO FIJO,Cruce
256,2017-0140,1,2017-11-19,1900-01-01 23:22:17,AUTOPISTA,AUTOPISTA 1 SUR PRESIDENTE ARTURO FRONDIZI,4,,,MOTO,PASAJEROS,Altura
257,2017-0141,1,2017-11-23,1900-01-01 19:45:00,AVENIDA,"LA PLATA AV. y GOYENA, PEDRO AV.",6,-58.42717783,-34.62513374,PEATON,PASAJEROS,Cruce
258,2017-0143,1,2017-11-25,1900-01-01 21:45:00,CALLE,"TRELLES, MANUEL R. y DIAZ, CESAR, GRAL.",11,-58.46442001,-34.60724519,AUTO,PASAJEROS,Cruce
259,2017-0144,1,2017-11-26,1900-01-01 06:45:00,GRAL PAZ,"ROCA, CNEL. AV. y PAZ, GRAL. AV.",8,-58.47064556,-34.69843756,AUTO,OBJETO FIJO,Cruce
260,2017-0145,1,2017-11-26,1900-01-01 17:05:00,CALLE,MAZA y DON BOSCO,5,-58.41677733,-34.61223119,MOTO,AUTO,Cruce
261,2017-0147,1,2017-11-28,1900-01-01 11:15:00,GRAL PAZ,"PAZ, GRAL. AV. y PERON, EVA AV.",9,-58.5025179,-34.67450313,MOTO,AUTO,Cruce
262,2017-0148,1,2017-11-29,1900-01-01 10:45:00,AVENIDA,SAN JUAN AV. y LA RIOJA,3,-58.40708125,-34.62438894,PEATON,PASAJEROS,Cruce
263,2017-0149,1,2017-11-30,1900-01-01 12:20:00,AVENIDA,PASEO COLON AV. y MEXICO,1,-58.36947198,-34.61477051,PEATON,PASAJEROS,Cruce
264,2017-0150,1,2017-12-04,1900-01-01 01:15:00,AVENIDA,RIVADAVIA AV. y MIRALLA,9,-58.51140889,-34.63934531,PEATON,AUTO,Cruce
265,2017-0151,1,2017-12-04,1900-01-01 02:15:00,CALLE,VIEYTES y LUJAN,4,-58.37460912,-34.65559133,PEATON,PASAJEROS,Cruce
266,2017-0152,1,2017-12-06,1900-01-01 17:30:00,CALLE,CACHI y TRAFUL,4,-58.41146277,-34.65073916,BICICLETA,PASAJEROS,Cruce
267,2017-0153,2,2017-12-11,1900-01-01 02:00:00,AVENIDA,ROSARIO y LA PLATA AV.,6,-58.42855267,-34.61829385,MOTO,PASAJEROS,Cruce
268,2017-0154,1,2017-12-11,1900-01-01 09:15:00,AVENIDA,ENTRE RIOS AV. y CASEROS AV.,4,-58.39035581,-34.63412287,PEATON,PASAJEROS,Cruce
269,2017-0155,1,2017-12-12,1900-01-01 21:25:41,AVENIDA,RIVADAVIA AV. 6350,7,-58.45593915,-34.62656868,SD,MOTO,Altura
270,2017-0157,1,2017-12-17,1900-01-01 09:02:00,GRAL PAZ,"PAZ, GRAL. AV. y HUMAITA",9,-58.52866211,-34.64597065,AUTO,PASAJEROS,Cruce
271,2017-0158,1,2017-12-18,1900-01-01 21:30:00,GRAL PAZ,"GUALEGUAYCHU y PAZ, GRAL. AV.",11,-58.52037476,-34.59407024,MOTO,AUTO,Cruce
272,2017-0159,1,2017-12-20,1900-01-01 04:31:27,AVENIDA,"INDEPENDENCIA AV. y CEVALLOS, VIRREY",1,-58.38896772,-34.61799615,MOTO,AUTO,Cruce
273,2017-0160,1,2017-12-22,1900-01-01 13:15:00,AVENIDA,NAZCA AV. 365,7,-58.47074114,-34.62771756,PEATON,MOTO,Altura
274,2017-0161,1,2017-12-26,1900-01-01 15:30:00,AVENIDA,"PERON, EVA AV. 5249",9,-58.48200819,-34.65969965,PEATON,AUTO,Altura
275,2018-0001,1,2018-01-01,1900-01-01 22:50:00,AVENIDA,SAN JUAN AV. y RINCON,3,-58.39536773,-34.62297346,PEATON,MOTO,Cruce
276,2018-0002,1,2018-01-03,1900-01-01 16:40:00,CALLE,PERU 937,1,-58.37456088,-34.61895467,BICICLETA,PASAJEROS,Altura
277,2018-0003,1,2018-01-05,1900-01-01 10:12:00,AVENIDA,"PUEYRREDON, HONORIO, DR. AV. y GALICIA",15,-58.44860217,-34.60395657,PEATON,MULTIPLE,Cruce
278,2018-0004,1,2018-01-09,1900-01-01 09:40:00,AVENIDA,DEL LIBERTADOR AV. y MANZANARES,13,-58.46129513,-34.54332766,MOTO,MULTIPLE,Cruce
279,2018-0005,1,2018-01-09,1900-01-01 22:30:00,AVENIDA,PASEO COLON AV. 1019,1,-58.36907201,-34.61953517,PEATON,PASAJEROS,Altura
280,2018-0006,1,2018-01-10,1900-01-01 21:15:00,CALLE,VALLE y BARCO CENTENERA DEL,6,-58.44062219,-34.62499107,BICICLETA,PASAJEROS,Cruce
281,2018-0007,1,2018-01-11,1900-01-01 02:30:00,AUTOPISTA,AUTOPISTA PERITO MORENO KM. 0.6,9,-58.52502765,-34.63601265,AUTO,AUTO,Altura
282,2018-0008,1,2018-01-12,1900-01-01 17:50:00,AVENIDA,"HUERGO, ING. AV. e INDEPENDENCIA AV.",1,-58.36659655,-34.61687778,MOTO,CARGAS,Altura
283,2018-0009,1,2018-01-14,1900-01-01 02:00:00,AVENIDA,"PILCOMAYO y BROWN, ALTE. AV.",4,-58.36737389,-34.62763661,MOTO,MOTO,Cruce
284,2018-0010,1,2018-01-18,1900-01-01 05:10:00,CALLE,"CERVANTES y BELAUSTEGUI, LUIS, DR.",10,-58.49807953,-34.63038658,MOTO,CARGAS,Cruce
285,2018-0011,1,2018-01-19,1900-01-01 10:30:00,AVENIDA,"CALLAO AV. y LOPEZ, VICENTE",2,-58.39092703,-34.59088447,PEATON,PASAJEROS,Cruce
286,2018-0012,1,2018-01-26,1900-01-01 13:30:00,CALLE,"OLIDEN y CHILAVERT, MARTINIANO, CORONEL",8,-58.46912006,-34.68049201,MOTO,PASAJEROS,Cruce
287,2018-0013,1,2018-01-28,1900-01-01 08:15:00,AVENIDA,CONGRESO AV. y GALVAN,12,-58.48661286,-34.56786129,MOTO,AUTO,Cruce
288,2018-0014,1,2018-01-31,1900-01-01 20:00:00,AVENIDA,"MORENO, PERITO AV. y RIVERA INDARTE AV.",7,-58.44074927,-34.65080597,PEATON,MOTO,Cruce
289,2018-0015,2,2018-02-06,1900-01-01 01:00:00,AVENIDA,AUSTRALIA AV. 2800,4,-58.38636298,-34.64684275,MOTO,PASAJEROS,Altura
290,2018-0016,1,2018-02-15,1900-01-01 10:15:00,AVENIDA,"DEL LIBERTADOR AV. y RAMOS MEJIA, JOSE MARIA, DR. AV.",1,-58.37533517,-34.59276462,MOTO,CARGAS,Cruce
291,2018-0017,1,2018-02-17,1900-01-01 04:15:00,AVENIDA,SAN PEDRITO AV. y RIVADAVIA AV.,7,-58.46963952,-34.63070603,PEATON,AUTO,Cruce
292,2018-0018,1,2018-02-17,1900-01-01 07:15:00,CALLE,"ISABEL LA CATOLICA y SALVADORES, CNEL.",4,-58.37207554,-34.64543658,MOTO,CARGAS,Cruce
293,2018-0019,1,2018-02-17,1900-01-01 12:30:00,AVENIDA,LAS HERAS GENERAL AV. y CALLAO AV.,2,-58.39189441,-34.59176378,PEATON,PASAJEROS,Cruce
294,2018-0020,1,2018-02-19,1900-01-01 22:00:00,AUTOPISTA,"FERNANDEZ DE LA CRUZ F., GRAL. AV. y AUTOPISTA PRESIDENTE HECTOR J. CAMPORA",8,-58.45012957,-34.66518343,MOTO,CARGAS,Cruce
295,2018-0021,1,2018-02-22,1900-01-01 10:45:00,AVENIDA,"ALCORTA, AMANCIO AV. y ZAVALETA",4,-58.40184094,-34.64546845,PEATON,PASAJEROS,Cruce
296,2018-0022,1,2018-02-24,1900-01-01 00:00:00,AVENIDA,"MONTES DE OCA, MANUEL AV. y OLAVARRIA",4,-58.37441153,-34.63966783,MOTO,CARGAS,Cruce
297,2018-0023,1,2018-02-24,1900-01-01 06:00:00,CALLE,BARCO CENTENERA DEL y ROSARIO,6,-58.44110156,-34.62082399,MOTO,AUTO,Cruce
298,2018-0024,1,2018-02-28,1900-01-01 23:00:00,AVENIDA,ALVAREZ THOMAS AV. y DONADO,15,-58.47087351,-34.57827342,PEATON,CARGAS,Cruce
299,2018-0025,1,2018-03-04,1900-01-01 22:30:00,AVENIDA,AVELLANEDA AV. y BOYACA AV.,7,-58.4596221,-34.6224514,PEATON,AUTO,Cruce
300,2018-0026,2,2018-03-09,1900-01-01 04:45:00,AVENIDA,"RABANAL, FRANCISCO, INTENDENTE AV. y SAENZ AV.",4,-58.41657793,-34.65476216,MOVIL,CARGAS,Cruce
301,2018-0027,1,2018-03-11,1900-01-01 23:00:00,CALLE,CASTRO y RONDEAU,5,-58.41911301,-34.63722107,PEATON,MOTO,Cruce
302,2018-0028,1,2018-03-13,1900-01-01 15:45:00,AVENIDA,"BILBAO, FRANCISCO AV. y AZUL",9,-58.47120586,-34.64251042,PEATON,CARGAS,Cruce
303,2018-0029,1,2018-03-15,1900-01-01 18:00:00,AVENIDA,NAZCA AV. y GAONA AV.,11,-58.47418944,-34.62049672,MOTO,AUTO,Cruce
304,2018-0030,1,2018-03-20,1900-01-01 01:30:00,AVENIDA,PLAZA y ALVAREZ THOMAS AV.,15,-58.46720441,-34.57905579,MOTO,MOTO,Cruce
305,2018-0031,1,2018-03-28,1900-01-01 10:15:00,AVENIDA,"GAONA AV. y ARTIGAS, JOSE GERVASIO, GRAL.",11,-58.46909362,-34.6177971,MOTO,CARGAS,Cruce
306,2018-0032,1,2018-04-02,1900-01-01 13:00:00,AVENIDA,CABILDO AV. y AGUILAR,13,-58.44704343,-34.5688864,PEATON,PASAJEROS,Cruce
307,2018-0033,1,2018-04-07,1900-01-01 07:30:00,AVENIDA,CAMARONES y LOPE DE VEGA AV.,10,-58.50535541,-34.62902048,MOTO,CARGAS,Cruce
308,2018-0034,1,2018-04-11,1900-01-01 18:15:00,AVENIDA,SANTA FE AV. 2320,2,-58.40021675,-34.59522198,PEATON,PASAJEROS,Altura
309,2018-0035,1,2018-04-12,1900-01-01 16:45:00,AVENIDA,RIVADAVIA AV. 6950,7,-58.46325991,-34.62919627,PEATON,PASAJEROS,Altura
310,2018-0036,1,2018-04-13,1900-01-01 23:15:00,AVENIDA,SAN MARTIN AV. y ARGERICH,15,-58.49471482,-34.59694755,MOTO,AUTO,Cruce
311,2018-0037,1,2018-04-18,1900-01-01 18:45:00,AVENIDA,"CORDOBA AV. y URIBURU JOSE E., PRES.",2,-58.3987261,-34.59975962,PEATON,CARGAS,Cruce
312,2018-0038,2,2018-04-20,1900-01-01 17:10:00,AVENIDA,RIVADAVIA AV. 1571,1,-58.38872177,-34.60885045,PEATON,AUTO,Altura
313,2018-0039,1,2018-04-21,1900-01-01 22:15:00,AUTOPISTA,nan,14,,,PEATON,AUTO,Altura
314,2018-0040,1,2018-04-27,1900-01-01 11:00:00,CALLE,"FREIRE, RAMON, CAP. GRAL. y OLAGUER Y FELIU, VIRREY",13,-58.45686132,-34.57305993,PEATON,CARGAS,Cruce
315,2018-0041,1,2018-04-27,1900-01-01 13:30:00,AVENIDA,"LA PLATA AV. y FERNANDEZ DE LA CRUZ, F., GRAL. AV.",4,-58.42281627,-34.64282424,PEATON,PASAJEROS,Cruce
316,2018-0042,1,2018-04-27,1900-01-01 18:43:00,CALLE,BRANDSEN y PERDRIEL,4,-58.38666024,-34.63953396,MOTO,CARGAS,Cruce
317,2018-0043,1,2018-04-28,1900-01-01 06:30:00,AVENIDA,"VILARDEBO, TEODORO y ALVAREZ JONTE AV.",11,-58.49122843,-34.61207587,MOTO,AUTO,Cruce
318,2018-0044,1,2018-04-28,1900-01-01 09:00:00,AVENIDA,ALBERTI e INDEPENDENCIA AV.,3,-58.40098306,-34.61866627,PEATON,AUTO,Altura
319,2018-0045,1,2018-04-30,1900-01-01 07:00:00,AVENIDA,ALVAREZ THOMAS AV. 879,13,-58.45448963,-34.5791692,AUTO,CARGAS,Altura
320,2018-0046,1,2018-05-02,1900-01-01 03:15:00,GRAL PAZ,"PAZ, GRAL. AV. y RIVADAVIA AV.",9,-58.52927982,-34.63931752,PEATON,AUTO,Cruce
321,2018-0047,1,2018-05-08,1900-01-01 19:00:00,AVENIDA,CORRIENTES AV. y DORREGO AV.,15,-58.44759966,-34.5917024,PEATON,PASAJEROS,Cruce
322,2018-0048,1,2018-05-09,1900-01-01 10:30:00,AVENIDA,RIVADAVIA AV. y PEDERNERA,7,-58.46411215,-34.62925068,PEATON,PASAJEROS,Cruce
323,2018-0049,1,2018-05-11,1900-01-01 19:15:00,CALLE,QUESADA 2300,13,-58.4621322,-34.55395823,PEATON,AUTO,Altura
324,2018-0050,1,2018-05-14,1900-01-01 18:45:00,AVENIDA,CABILDO AV. y JURAMENTO AV.,13,-58.45669422,-34.5620361,PEATON,PASAJEROS,Cruce
325,2018-0051,1,2018-05-15,1900-01-01 21:15:00,CALLE,"CALIFORNIA y CARBONARI, FRANCISCO, CMTE.",4,-58.3597716,-34.64341878,PEATON,AUTO,Cruce
326,2018-0052,1,2018-05-18,1900-01-01 20:30:00,AVENIDA,"CARRIL, SALVADOR MARIA DEL AV. y NAZCA",15,-58.49820145,-34.59070093,PEATON,PASAJEROS,Cruce
327,2018-0053,1,2018-05-20,1900-01-01 02:30:00,CALLE,SAN LUIS y AGUERO,3,-58.4105928,-34.5993918,MOTO,AUTO,Cruce
328,2018-0054,1,2018-05-22,1900-01-01 11:15:00,CALLE,LUGONES 2430,12,-58.47969138,-34.57121563,PEATON,BICICLETA,Altura
329,2018-0055,1,2018-05-29,1900-01-01 07:30:00,AVENIDA,INDEPENDENCIA AV. y JUJUY AV.,3,-58.40351561,-34.61883916,MOTO,AUTO,Cruce
330,2018-0056,1,2018-06-02,1900-01-01 13:00:00,AVENIDA,RIVADAVIA AV. 11050,9,-58.51973844,-34.63918987,PEATON,PASAJEROS,Altura
331,2018-0057,1,2018-06-03,1900-01-01 03:30:00,CALLE,COMBATE DE LOS POZOS y HUMBERTO 1Â°,3,-58.39311376,-34.62163006,MOTO,PASAJEROS,Cruce
332,2018-0058,1,2018-06-03,1900-01-01 06:30:00,AVENIDA,CORDOBA AV. y THAMES,15,-58.43531242,-34.59082159,MOTO,AUTO,Cruce
333,2018-0059,1,2018-06-08,1900-01-01 06:20:00,AVENIDA,"GARAY, JUAN DE AV. y SANCHEZ DE LORIA",5,-58.41178165,-34.63035454,MOTO,OTRO,Cruce
334,2018-0060,1,2018-06-08,1900-01-01 12:50:00,AVENIDA,"LAVALLE y ALEM, LEANDRO N. AV.",1,-58.370488,-34.60189492,PEATON,PASAJEROS,Cruce
335,2018-0061,1,2018-06-10,1900-01-01 11:15:00,CALLE,ESTADOS UNIDOS y PICHINCHA,3,-58.39883882,-34.61964833,MOTO,MOTO,Cruce
336,2018-0062,1,2018-06-14,1900-01-01 01:00:00,CALLE,ROSARIO y BARCO CENTENERA DEL,6,-58.44110156,-34.62082399,PEATON,CARGAS,Cruce
337,2018-0063,1,2018-06-16,1900-01-01 21:15:00,AVENIDA,"ALEM, LEANDRO N. AV. y VIAMONTE",1,-58.37093138,-34.59952725,PEATON,PASAJEROS,Cruce
338,2018-0064,1,2018-06-25,1900-01-01 01:15:00,AVENIDA,VARELA AV. y PRIMERA JUNTA,7,-58.45855262,-34.63953253,AUTO,CARGAS,Cruce
339,2018-0065,1,2018-06-26,1900-01-01 17:30:00,CALLE,"PELLEGRINI, CARLOS y JUNCAL",1,-58.38161909,-34.59283447,MOTO,CARGAS,Cruce
340,2018-0066,1,2018-06-28,1900-01-01 11:00:00,AVENIDA,"CORRIENTES AV. y LACROZE, FEDERICO AV.",15,-58.45511899,-34.58698157,PEATON,PASAJEROS,Cruce
341,2018-0067,1,2018-06-29,1900-01-01 16:15:00,AVENIDA,"MONTES DE OCA, MANUEL AV. y FINOCHIETTO ENRIQUE DR.",4,-58.37724226,-34.62973033,PASAJEROS,AUTO,Cruce
342,2018-0068,1,2018-07-01,1900-01-01 09:00:00,AVENIDA,"CARABOBO AV. y ALBERDI, JUAN BAUTISTA AV.",7,-58.45546217,-34.62930339,MOTO,AUTO,Cruce
343,2018-0069,1,2018-07-04,1900-01-01 21:45:00,AVENIDA,CORDOBA AV. 2215,2,-58.39897064,-34.59954925,BICICLETA,PASAJEROS,Altura
344,2018-0070,1,2018-07-07,1900-01-01 15:45:00,CALLE,"ESTADOS UNIDOS y URQUIZA, GRAL.",3,-58.40917826,-34.62126274,MOTO,PASAJEROS,Cruce
345,2018-0071,1,2018-07-10,1900-01-01 17:50:00,AVENIDA,"MORENO y HUERGO, ING. AV.",1,-58.36726348,-34.61099738,MOTO,CARGAS,Cruce
346,2018-0072,1,2018-07-11,1900-01-01 13:15:00,AUTOPISTA,AUTOPISTA DELLEPIANE LUIS TTE. GRAL. y MONTIEL,8,-58.48267426,-34.68454456,MOTO,CARGAS,Cruce
347,2018-0073,1,2018-07-11,1900-01-01 15:45:00,AVENIDA,"IRIARTE, GRAL. AV. 3400",4,-58.39546165,-34.65168841,PEATON,CARGAS,Altura
348,2018-0074,1,2018-07-14,1900-01-01 06:04:00,AVENIDA,"ALBERDI, JUAN BAUTISTA AV. 2968",7,-58.46941984,-34.63376545,AUTO,CARGAS,Altura
349,2018-0075,1,2018-07-15,1900-01-01 07:30:00,AVENIDA,DEL LIBERTADOR AV. y ORTIZ DE OCAMPO,14,-58.40367321,-34.58129246,PEATON,AUTO,Cruce
350,2018-0076,1,2018-07-16,1900-01-01 09:30:00,CALLE,"CHAVEZ, JORGE y PAZ, GRAL. AV.",9,-58.52932872,-34.65014993,AUTO,CARGAS,Cruce
351,2018-0077,1,2018-07-16,1900-01-01 23:15:00,CALLE,"URQUIZA, GRAL. y ESTADOS UNIDOS",3,-58.40917826,-34.62126274,AUTO,CARGAS,Cruce
352,2018-0078,1,2018-07-21,1900-01-01 06:15:00,CALLE,PARAGUAY y SANCHEZ DE BUSTAMANTE,2,-58.41264127,-34.59473294,PEATON,AUTO,Cruce
353,2018-0079,1,2018-07-23,1900-01-01 07:15:00,GRAL PAZ,"DE LOS CORRALES AV. y PAZ, GRAL. AV.",9,-58.50877521,-34.66977709,PEATON,CARGAS,Cruce
354,2018-0080,1,2018-07-25,1900-01-01 22:22:00,AVENIDA,"ALBERDI, JUAN BAUTISTA AV. y CARHUE",9,-58.51232237,-34.6590353,PEATON,AUTO,Cruce
355,2018-0081,1,2018-07-29,1900-01-01 06:30:00,AVENIDA,CASTAÃ‘ARES AV. y RIVERA INDARTE AV.,7,-58.44744156,-34.64567171,PEATON,MULTIPLE,Cruce
356,2018-0082,1,2018-08-01,1900-01-01 15:53:00,AVENIDA,"LARRAZABAL y GARZON, EUGENIO, GRAL. AV.",9,-58.49441273,-34.65869968,MOTO,CARGAS,Cruce
357,2018-0083,1,2018-08-02,1900-01-01 05:20:00,GRAL PAZ,"PAZ, GRAL. AV. y FERNANDEZ DE LA CRUZ, F., GRAL. AV.",8,-58.47976785,-34.69153196,MOTO,CARGAS,Cruce
358,2018-0084,1,2018-08-03,1900-01-01 07:25:00,AVENIDA,"MOREAU DE JUSTO, ALICIA AV. y COCHABAMBA",1,-58.36523349,-34.62260331,PEATON,CARGAS,Cruce
359,2018-0085,2,2018-08-03,1900-01-01 18:16:00,AVENIDA,"ENTRE RIOS AV. y GARAY, JUAN DE AV.",3,-58.39118948,-34.62704273,MOTO,PASAJEROS,Cruce
360,2018-0086,1,2018-08-10,1900-01-01 21:44:00,AVENIDA,DIRECTORIO AV. y GUARDIA NACIONAL,9,-58.49019551,-34.65015854,PEATON,PASAJEROS,Cruce
361,2018-0087,1,2018-08-15,1900-01-01 19:20:00,AVENIDA,PAVON AV. y COLOMBRES,5,-58.41644362,-34.63023775,PEATON,PASAJEROS,Cruce
362,2018-0088,1,2018-08-17,1900-01-01 16:36:00,GRAL PAZ,"PAZ, GRAL. AV. y BALBIN, RICARDO, DR. AV.",12,-58.5007381,-34.5497951,MOTO,CARGAS,Cruce
363,2018-0089,1,2018-08-17,1900-01-01 17:56:00,AVENIDA,PICHINCHA AV. y BRASIL,4,-58.39626094,-34.63036565,PEATON,PASAJEROS,Cruce
364,2018-0090,1,2018-08-18,1900-01-01 10:34:00,AVENIDA,27 DE FEBRERO AV. y PERGAMINO,8,-58.43284809,-34.67051543,MOTO,AUTO,Cruce
365,2018-0091,1,2018-08-19,1900-01-01 18:47:00,AUTOPISTA,AUTOPISTA PERITO MORENO y BARRAGAN,9,-58.52280139,-34.63659934,AUTO,AUTO,Cruce
366,2018-0092,1,2018-08-20,1900-01-01 08:20:00,AVENIDA,CORDOBA AV. y GASCON,14,-58.4233693,-34.59774487,MOTO,AUTO,Cruce
367,2018-0093,1,2018-08-20,1900-01-01 08:41:00,CALLE,15 DE NOVIEMBRE DE 1889 1513,1,-58.38691681,-34.63105973,PEATON,PASAJEROS,Altura
368,2018-0094,1,2018-08-23,1900-01-01 05:35:00,CALLE,"SALGUERO, JERONIMO y BERUTI",14,-58.4116902,-34.5857988,MOTO,PASAJEROS,Cruce
369,2018-0095,1,2018-08-26,1900-01-01 00:59:00,AVENIDA,"LACARRA AV. y DELLEPIANE, LUIS, TTE. GRAL.",9,-58.46739825,-34.65117757,AUTO,AUTO,Cruce
370,2018-0096,1,2018-08-31,1900-01-01 22:20:00,AUTOPISTA,"AUTOPISTA PRESIDENTE HÃ‰CTOR J. CÃMPORA y ROCA, CNEL. AV.",8,-58.44483258,-34.67152226,PEATON,AUTO,Cruce
371,2018-0097,1,2018-09-02,1900-01-01 10:50:00,AVENIDA,"VARELA AV. y RABANAL, FRANCISCO, INTENDENTE AV.",8,-58.43254025,-34.66128115,AUTO,OTRO,Cruce
372,2018-0098,2,2018-09-09,1900-01-01 05:00:00,GRAL PAZ,"PAZ, GRAL. AV. y BERON DE ASTRADA",8,-58.47199387,-34.69640164,AUTO,AUTO,Cruce
373,2018-0099,1,2018-09-12,1900-01-01 14:25:00,AVENIDA,RIVADAVIA AV. y PEDERNERA,7,-58.46411215,-34.62925068,PEATON,PASAJEROS,Cruce
374,2018-0100,1,2018-09-20,1900-01-01 10:30:00,AVENIDA,"RAWSON DE DELLEPIANE, ELVIRA AV. 150",1,-58.36217754,-34.62367156,MOTO,AUTO,Altura
375,2018-0101,1,2018-09-21,1900-01-01 00:15:00,GRAL PAZ,"PAZ, GRAL. AV. y ZAPIOLA",12,-58.48098594,-34.5407313,AUTO,MULTIPLE,Cruce
376,2018-0102,1,2018-09-21,1900-01-01 00:30:00,CALLE,"FAMATINA y TABORDA, DIOGENES",4,-58.41083404,-34.64640709,MOTO,AUTO,Cruce
377,2018-0103,1,2018-09-27,1900-01-01 17:51:00,AVENIDA,"CASTAÃ‘ARES AV. y BONORINO, ESTEBAN, CNEL. AV.",7,-58.44609828,-34.64446729,PEATON,MOTO,Cruce
378,2018-0104,1,2018-10-01,1900-01-01 08:58:00,AUTOPISTA,AUTOPISTA 1 SUR PRESIDENTE ARTURO FRONDIZI y SUAREZ AV.,4,-58.37709334,-34.64035082,MOTO,MOTO,Cruce
379,2018-0105,1,2018-10-03,1900-01-01 18:12:00,AVENIDA,NAZCA AV. y RIVADAVIA AV.,7,-58.46963952,-34.63070603,PEATON,PASAJEROS,Cruce
380,2018-0106,1,2018-10-04,1900-01-01 22:02:00,AVENIDA,"FIGUEROA ALCORTA, PRES. AV. y ECHEVERRIA",13,-58.43674281,-34.55161027,MOTO,MOTO,Cruce
381,2018-0107,1,2018-10-06,1900-01-01 14:20:00,AVENIDA,RIVADAVIA AV. y JUJUY AV.,3,-58.4059686,-34.61011987,PEATON,PASAJEROS,Cruce
382,2018-0108,1,2018-10-09,1900-01-01 14:00:00,AVENIDA,"DE LOS ITALIANOS AV. y GUEMES, MACACHA",1,-58.36154069,-34.60463618,MOTO,AUTO,Cruce
383,2018-0109,1,2018-10-10,1900-01-01 22:12:00,AVENIDA,"TUCUMAN y ALEM, LEANDRO N. AV.",1,-58.37062179,-34.60066507,PEATON,PASAJEROS,Cruce
384,2018-0110,1,2018-10-13,1900-01-01 03:05:00,AVENIDA,"CORRIENTES AV. y GALLARDO, ANGEL AV.",15,-58.43220014,-34.60207186,PEATON,MOTO,Cruce
385,2018-0111,1,2018-10-19,1900-01-01 12:13:00,AUTOPISTA,"AUTOPISTA PERITO MORENO & PERON, EVA  AV.",9,-58.46958442,-34.64949724,MOTO,CARGAS,Altura
386,2018-0112,1,2018-10-24,1900-01-01 09:18:00,CALLE,MUÃ‘ECAS y SERRANO,15,-58.44671397,-34.59970903,MOTO,CARGAS,Cruce
387,2018-0113,1,2018-10-25,1900-01-01 11:00:00,CALLE,"ARTIGAS, JOSE GERVASIO, GRAL. y TRES ARROYOS",11,-58.47152163,-34.61474911,MOTO,CARGAS,Cruce
388,2018-0114,1,2018-10-30,1900-01-01 02:15:00,AVENIDA,SOLIS e INDEPENDENCIA AV.,1,-58.39032921,-34.61807951,MOTO,AUTO,Altura
389,2018-0115,1,2018-10-31,1900-01-01 12:30:00,CALLE,"BOSCH, VENTURA y PAZ, GRAL. AV.",9,-58.52887773,-34.64297861,PEATON,PASAJEROS,Cruce
390,2018-0116,1,2018-11-01,1900-01-01 10:50:00,GRAL PAZ,"PAZ, GRAL. AV. 14800",8,-58.49371157,-34.67981324,PEATON,CARGAS,Altura
391,2018-0117,1,2018-11-04,1900-01-01 08:15:00,AVENIDA,"PERON, EVA AV. 5321",9,-58.48266599,-34.66012327,MOTO,MOTO,Altura
392,2018-0118,1,2018-11-05,1900-01-01 14:49:00,AVENIDA,"PERON, JUAN DOMINGO, TTE. GENERAL y PUEYRREDON AV.",3,-58.40612253,-34.60774301,PEATON,MOTO,Cruce
393,2018-0119,1,2018-11-05,1900-01-01 22:35:00,AVENIDA,"RABANAL, FRANCISCO, INTENDENTE AV. y SAN PEDRITO",8,-58.43613623,-34.66292532,PEATON,SD,Cruce
394,2018-0120,1,2018-11-09,1900-01-01 13:34:00,AVENIDA,MONROE y ALVAREZ THOMAS AV.,12,-58.48250732,-34.57208238,PEATON,AUTO,Cruce
395,2018-0121,1,2018-11-09,1900-01-01 16:32:00,AVENIDA,RIVADAVIA AV. y MANZONI,10,-58.49945705,-34.6374328,PEATON,PASAJEROS,Cruce
396,2018-0122,1,2018-11-12,1900-01-01 01:00:00,AUTOPISTA,AUTOPISTA DELLEPIANE LUIS TTE. GRAL. y LARRAZABAL,8,-58.47743966,-34.67233407,AUTO,AUTO,Cruce
397,2018-0123,1,2018-11-12,1900-01-01 03:32:00,GRAL PAZ,"PAZ, GRAL. AV. y PERON, EVA AV.",9,-58.5025179,-34.67450313,AUTO,SD,Cruce
398,2018-0124,1,2018-11-15,1900-01-01 19:40:00,AUTOPISTA,AUTOPISTA PERITO MORENO y RESERVISTAS ARGENTINOS,9,-58.52144411,-34.63682499,CARGAS,CARGAS,Cruce
399,2018-0125,1,2018-11-16,1900-01-01 21:12:00,AVENIDA,SAENZ AV. y VENTANA,4,-58.41650465,-34.65084045,PEATON,PASAJEROS,Cruce
400,2018-0126,1,2018-11-18,1900-01-01 12:11:00,GRAL PAZ,"PAZ, GRAL. AV. y FALCON, RAMON L.,CNEL.",9,-58.52994219,-34.64055918,MOTO,AUTO,Cruce
401,2018-0127,1,2018-11-19,1900-01-01 09:14:00,GRAL PAZ,"PAZ, GRAL. AV. y DE LOS CONSTITUYENTES AV.",12,-58.50993046,-34.56919739,MOTO,MOTO,Cruce
402,2018-0128,2,2018-11-25,1900-01-01 04:30:00,GRAL PAZ,"PAZ, GRAL. AV. 11200",9,-58.52844623,-34.64592873,AUTO,PASAJEROS,Altura
403,2018-0129,1,2018-11-28,1900-01-01 04:01:00,AVENIDA,"NEWBERY, JORGE AV. y GUEVARA",15,-58.45021367,-34.58695347,MOTO,PASAJEROS,Cruce
404,2018-0130,1,2018-12-03,1900-01-01 03:00:00,AVENIDA,GAONA AV. y SEGUROLA AV.,10,-58.49022072,-34.62770192,MOTO,PASAJEROS,Cruce
405,2018-0131,1,2018-12-07,1900-01-01 19:10:00,AVENIDA,"MADERO, EDUARDO AV. 550",1,-58.36860866,-34.60106568,MOTO,CARGAS,Altura
406,2018-0132,1,2018-12-12,1900-01-01 08:26:00,AUTOPISTA,"AUTOPISTA ARTURO ILLIA y CASTILLO, RAMON S., PRES. AV.",2,-58.39490504,-34.57241534,PEATON,CARGAS,Cruce
407,2018-0133,1,2018-12-12,1900-01-01 14:07:00,AVENIDA,NAZCA AV. y RIVADAVIA AV.,7,-58.46963952,-34.63070603,PEATON,CARGAS,Cruce
408,2018-0134,1,2018-12-12,1900-01-01 21:00:00,AVENIDA,LA PLATA AV. y CASEROS AV.,7,-58.42349365,-34.64019887,PEATON,MOTO,Cruce
409,2018-0135,1,2018-12-18,1900-01-01 14:40:00,AVENIDA,BELGRANO AV. y PERU,1,-58.37471802,-34.61265002,PEATON,PASAJEROS,Cruce
410,2018-0136,1,2018-12-18,1900-01-01 15:42:00,AVENIDA,RIVADAVIA AV. 7013,7,-58.46438789,-34.62913916,PEATON,PASAJEROS,Altura
411,2018-0137,1,2018-12-18,1900-01-01 20:15:00,CALLE,"ALSINA, ADOLFO y SANTIAGO DEL ESTERO",1,-58.38481975,-34.61100424,MOTO,PASAJEROS,Cruce
412,2018-0138,1,2018-12-21,1900-01-01 09:30:00,CALLE,BERMUDEZ 1893,10,-58.50751833,-34.62073702,PASAJEROS,PASAJEROS,Altura
413,2018-0139,1,2018-12-22,1900-01-01 06:30:00,CALLE,SANTANDER 1974,7,-58.44682986,-34.63888084,MOTO,MOTO,Altura
414,2018-0140,1,2018-12-22,1900-01-01 08:05:00,CALLE,LANTERI JULIETA 1400,1,-58.3600465,-34.61381341,AUTO,AUTO,Altura
415,2018-0141,1,2018-12-22,1900-01-01 17:40:00,AVENIDA,MAZA e INDEPENDENCIA AV.,5,-58.41509546,-34.62085945,PEATON,MOTO,Altura
416,2018-0142,1,2018-12-25,1900-01-01 13:30:00,GRAL PAZ,"PAZ, GRAL. AV. 5172",12,-58.50997604,-34.57251072,CARGAS,PASAJEROS,Altura
417,2018-0143,1,2018-12-29,1900-01-01 05:25:00,AVENIDA,"OLIVERA AV. y ALBERDI, JUAN BAUTISTA AV.",10,-58.48606475,-34.64047818,MOTO,AUTO,Cruce
418,2019-0001,1,2019-01-08,1900-01-01 08:30:00,AVENIDA,"CASTILLO, RAMON S., PRES. AV. y CALLE 12 (NO OFICIAL)",2,-58.38526125,-34.5780581,MOTO,CARGAS,Cruce
419,2019-0002,1,2019-01-09,1900-01-01 04:00:00,AVENIDA,"CASTAÃ‘ARES AV. y MORENO, PERITO AV.",7,-58.45463662,-34.65082149,AUTO,CARGAS,Cruce
420,2019-0003,1,2019-01-12,1900-01-01 08:00:00,AVENIDA,SAN MARTIN AV. y TERRADA,15,-58.49121672,-34.59718073,MOTO,AUTO,Cruce
421,2019-0004,1,2019-01-14,1900-01-01 19:58:00,AVENIDA,"PERON, EVA AV. y MEDINA",9,-58.47325712,-34.65284605,AUTO,PASAJEROS,Cruce
422,2019-0005,1,2019-01-19,1900-01-01 12:00:00,AVENIDA,"JUSTO, JUAN B. AV. y ALVAREZ JONTE AV.",10,-58.52108101,-34.63382309,MOTO,CARGAS,Cruce
423,2019-0006,1,2019-01-23,1900-01-01 05:45:00,AVENIDA,"OBLIGADO RAFAEL, AV.COSTANERA 4650",14,-58.41652702,-34.55509606,PEATON,AUTO,Altura
424,2019-0007,1,2019-01-26,1900-01-01 19:34:00,CALLE,"MITRE, BARTOLOME y YATAY",5,-58.42891604,-34.6107166,MOTO,AUTO,Cruce
425,2019-0008,1,2019-01-30,1900-01-01 22:45:00,GRAL PAZ,"PAZ, GRAL. AV. 16080",8,-58.47802293,-34.69156793,MOTO,MULTIPLE,Altura
426,2019-0009,1,2019-01-31,1900-01-01 14:55:00,AVENIDA,CHACABUCO y SAN JUAN AV.,1,-58.37564821,-34.62200207,MOTO,AUTO,Cruce
427,2019-0010,2,2019-02-02,1900-01-01 07:50:00,AVENIDA,DEL LIBERTADOR AV. 4100,14,-58.42668489,-34.56961468,PEATON,AUTO,Altura
428,2019-0011,1,2019-02-10,1900-01-01 01:00:00,GRAL PAZ,"PAZ, GRAL. AV. y ALBERDI, JUAN BAUTISTA AV.",9,-58.5183993,-34.66252488,PEATON,AUTO,Cruce
429,2019-0012,1,2019-02-17,1900-01-01 03:16:00,AVENIDA,"CASTAÃ‘ARES AV. y GORDILLO, TIMOTEO",8,-58.48432691,-34.67665828,MOTO,AUTO,Cruce
430,2019-0013,1,2019-02-20,1900-01-01 07:30:00,CALLE,SALVIGNY y MOM,7,-58.4338383,-34.64457699,PEATON,AUTO,Cruce
431,2019-0014,1,2019-02-20,1900-01-01 17:30:00,CALLE,"LAMARCA, EMILIO 5402",11,-58.51664939,-34.58657938,MOTO,OBJETO FIJO,Altura
432,2019-0015,1,2019-02-23,1900-01-01 06:57:00,AVENIDA,SAN MARTIN AV. 5638,11,-58.49613012,-34.59703502,AUTO,OBJETO FIJO,Altura
433,2019-0016,1,2019-02-24,1900-01-01 02:00:00,CALLE,"CARRILLO, RAMON, DR. y FINOCHIETTO ENRIQUE DR.",4,-58.38313603,-34.63356284,MOTO,PASAJEROS,Cruce
434,2019-0017,1,2019-03-03,1900-01-01 07:00:00,CALLE,MEXICO y PICHINCHA,3,-58.39914719,-34.61632317,AUTO,PASAJEROS,Cruce
435,2019-0018,1,2019-03-03,1900-01-01 23:30:00,AUTOPISTA,"CANTILO, INT. y UDAONDO, GUILLERMO AV.",13,-58.44927253,-34.54048625,PEATON,AUTO,Cruce
436,2019-0019,1,2019-03-06,1900-01-01 12:00:00,AVENIDA,DEL LIBERTADOR AV. 6326,13,-58.45049163,-34.55374003,MOTO,AUTO,Altura
437,2019-0020,1,2019-03-07,1900-01-01 21:01:00,AVENIDA,CHICLANA AV. 3444,5,-58.41288952,-34.63572989,MOTO,AUTO,Altura
438,2019-0021,1,2019-03-15,1900-01-01 22:50:00,AVENIDA,BOYACA AV. y YERBAL,7,-58.45743597,-34.62561234,MOTO,AUTO,Cruce
439,2019-0022,1,2019-03-15,1900-01-02 00:00:00,AVENIDA,ENTRE RIOS AV. 1260,1,-58.39123782,-34.62352245,AUTO,SD,Altura
440,2019-0023,1,2019-03-16,1900-01-01 08:28:00,GRAL PAZ,"PAZ, GRAL. AV. y JACQUES, AMADEO",9,-58.52922765,-34.63637963,AUTO,OBJETO FIJO,Cruce
441,2019-0024,1,2019-03-19,1900-01-14 07:12:00,AVENIDA,ANTARTIDA ARGENTINA AV. 1325,1,-58.37208118,-34.58541957,MOTO,CARGAS,Altura
442,2019-0025,1,2019-03-22,1900-01-01 13:10:00,CALLE,"MITRE, BARTOLOME y SANCHEZ DE BUSTAMANTE",5,-58.41458534,-34.60937557,PEATON,AUTO,Cruce
443,2019-0026,1,2019-03-28,1900-01-01 07:32:00,AVENIDA,"FERNANDEZ DE LA CRUZ, F., GRAL. AV. y PAZ, GRAL. AV.",8,-58.47976785,-34.69153196,PEATON,PASAJEROS,Cruce
444,2019-0027,1,2019-03-28,1900-01-01 11:11:00,AVENIDA,SANTA FE AV. y AZCUENAGA,2,-58.39990285,-34.59511714,BICICLETA,MULTIPLE,Cruce
445,2019-0028,1,2019-04-06,1900-01-01 09:15:00,AVENIDA,"JUSTO, JUAN B. AV. y OROÃ‘O, NICASIO",11,-58.46051346,-34.60588536,PEATON,PASAJEROS,Cruce
446,2019-0029,1,2019-04-07,1900-01-01 10:15:00,AVENIDA,"FERNANDEZ DE LA CRUZ, F., GRAL. AV. y PAZ, GRAL. AV.",8,-58.47976785,-34.69153196,MOTO,OBJETO FIJO,Cruce
447,2019-0030,1,2019-04-09,1900-01-01 16:00:00,CALLE,"ALVAREZ, DONATO, TTE. GRAL. y YERBAL",7,-58.45457546,-34.62447891,MOTO,CARGAS,Cruce
448,2019-0031,1,2019-04-12,1900-01-01 19:55:00,AVENIDA,"CORDOBA AV. y MADERO, EDUARDO AV.",1,-58.36951669,-34.59832047,BICICLETA,CARGAS,Cruce
449,2019-0032,1,2019-04-16,1900-01-01 11:00:00,AVENIDA,"CAMARONES y ALVAREZ, DONATO, TTE. GRAL. AV.",11,-58.46415322,-34.6044379,PEATON,AUTO,Cruce
450,2019-0033,1,2019-04-18,1900-01-01 01:00:00,AUTOPISTA,"AUTOPISTA 25 DE MAYO y HUERGO, ING. AV.",1,-58.36607137,-34.62150748,MOTO,SD,Cruce
451,2019-0034,1,2019-04-21,1900-01-01 09:08:00,AVENIDA,"MORENO, PERITO AV. 3050",7,-58.45537373,-34.65093074,MOTO,OBJETO FIJO,Altura
452,2019-0035,1,2019-04-23,1900-01-01 14:10:00,CALLE,SUIPACHA 665,1,-58.37942637,-34.60053054,PEATON,BICICLETA,Altura
453,2019-0036,1,2019-04-26,1900-01-01 22:46:00,CALLE,RIGLOS y FORMOSA,6,-58.4368044,-34.62147504,MOTO,AUTO,Cruce
454,2019-0037,1,2019-05-01,1900-01-01 23:10:00,AVENIDA,LA RIOJA e INDEPENDENCIA AV.,3,-58.40778291,-34.61971907,MOTO,AUTO,Altura
455,2019-0038,1,2019-05-04,1900-01-01 14:10:00,AVENIDA,"UDAONDO, GUILLERMO AV. y FIGUEROA ALCORTA, PRES. AV.",13,-58.45212523,-34.54628513,PEATON,MOTO,Cruce
456,2019-0039,1,2019-05-09,1900-01-01 03:05:00,AVENIDA,SAN PEDRITO AV. y DIRECTORIO AV.,7,-58.46749188,-34.63551751,MOTO,AUTO,Cruce
457,2019-0040,1,2019-05-09,1900-01-01 12:45:00,CALLE,PUAN y SANTANDER,7,-58.4426358,-34.63679732,MOTO,SD,Cruce
458,2019-0041,1,2019-05-11,1900-01-01 20:30:00,AVENIDA,"ALBERDI, JUAN BAUTISTA AV. y ANDALGALA",9,-58.51140289,-34.65846419,AUTO,MULTIPLE,Cruce
459,2019-0042,1,2019-05-14,1900-01-01 15:00:00,CALLE,LIMA y CONSTITUCION,1,-58.38211431,-34.62465368,PEATON,PASAJEROS,Cruce
460,2019-0043,1,2019-05-21,1900-01-01 09:00:00,AVENIDA,"CORDOBA AV. y MADERO, EDUARDO AV.",1,-58.36951669,-34.59832047,BICICLETA,CARGAS,Cruce
461,2019-0044,1,2019-05-27,1900-01-01 12:45:00,AVENIDA,BOEDO AV. 650,5,-58.41635217,-34.62036547,PEATON,MOTO,Altura
462,2019-0045,1,2019-06-03,1900-01-01 07:27:00,AVENIDA,DEL LIBERTADOR AV. y REPUBLICA DE LA INDIA,14,-58.41316147,-34.57579669,MOTO,CARGAS,Cruce
463,2019-0046,1,2019-06-04,1900-01-01 09:00:00,GRAL PAZ,"PAZ, GRAL. AV. y CABILDO AV.",13,-58.47617802,-34.53825652,MOTO,AUTO,Cruce
464,2019-0047,1,2019-06-06,1900-01-01 10:00:00,AVENIDA,CASEROS AV. 1700,4,-58.38641783,-34.63330028,PEATON,CARGAS,Altura
465,2019-0048,1,2019-06-07,1900-01-01 07:00:00,AVENIDA,AVELLANEDA AV. 1548,6,-58.45322169,-34.62038137,MOTO,CARGAS,Altura
466,2019-0049,1,2019-06-08,1900-01-01 09:20:00,CALLE,CIUDAD DE LA PAZ y MENDOZA,13,-58.45849057,-34.56166498,PEATON,CARGAS,Cruce
467,2019-0050,1,2019-06-08,1900-01-01 23:35:00,AVENIDA,"SALGUERO, JERONIMO y HONDURAS AV.",14,-58.41829559,-34.59411677,MOTO,CARGAS,Cruce
468,2019-0051,1,2019-06-11,1900-01-01 10:00:00,CALLE,"FILIBERTO, JUAN DE DIOS y OLAVARRIA",4,-58.36376488,-34.63832093,MOTO,AUTO,Cruce
469,2019-0053,1,2019-06-14,1900-01-01 17:20:00,AVENIDA,ASTURIAS AV. y CASTAÃ‘ARES AV.,8,-58.46442668,-34.66004784,AUTO,AUTO,Cruce
470,2019-0054,1,2019-06-20,1900-01-01 03:00:00,CALLE,GANDARA 2976,15,-58.48222035,-34.58428769,MOTO,OBJETO FIJO,Altura
471,2019-0055,1,2019-06-20,1900-01-01 19:45:00,AVENIDA,"GUEVARA, TRINIDAD y MADERO, EDUARDO AV.",1,-58.36819005,-34.60283208,MOTO,PASAJEROS,Cruce
472,2019-0056,1,2019-06-29,1900-01-01 17:16:00,AVENIDA,BOYACA AV. 305,7,-58.45877601,-34.62330939,PEATON,AUTO,Altura
473,2019-0057,1,2019-07-05,1900-01-01 19:00:00,CALLE,ARTILLEROS y LA PAMPA,13,-58.44196498,-34.55760517,PEATON,AUTO,Cruce
474,2019-0058,1,2019-07-10,1900-01-01 09:20:00,AUTOPISTA,AUTOPISTA PERITO MORENO e IRIGOYEN,10,-58.50622631,-34.63627822,MOTO,PASAJEROS,Altura
475,2019-0059,1,2019-07-13,1900-01-01 22:35:00,CALLE,15 DE NOVIEMBRE DE 1889 y SANTIAGO DEL ESTERO,1,-58.3841088,-34.63099197,MOTO,PASAJEROS,Cruce
476,2019-0060,1,2019-07-17,1900-01-01 11:20:00,AVENIDA,"ACOSTA, MARIANO AV. y FALCON, RAMON L.,CNEL.",10,-58.48100602,-34.63504312,PEATON,AUTO,Cruce
477,2019-0061,1,2019-07-17,1900-01-01 18:40:00,CALLE,11 DE SEPTIEMBRE DE 1888 y MENDOZA,13,-58.45200171,-34.5578132,PEATON,PASAJEROS,Cruce
478,2019-0062,1,2019-08-01,1900-01-01 23:00:00,AVENIDA,"PINO, VIRREY DEL y CAMPOS, LUIS M. AV.",13,-58.44462132,-34.56201105,PEATON,PASAJEROS,Cruce
479,2019-0063,1,2019-08-04,1900-01-01 01:30:00,AVENIDA,FOREST AV. y MAURE,15,-58.45220688,-34.58711712,MOTO,PASAJEROS,Cruce
480,2019-0064,1,2019-08-06,1900-01-01 03:15:00,AVENIDA,BOYACA AV. y AVELLANEDA AV.,7,-58.4596221,-34.6224514,MOTO,AUTO,Cruce
481,2019-0065,1,2019-08-08,1900-01-01 16:45:00,CALLE,BARCO CENTENERA DEL y TILCARA,4,-58.4197085,-34.65414867,PEATON,PASAJEROS,Cruce
482,2019-0066,1,2019-08-11,1900-01-01 21:15:00,AVENIDA,RIESTRA AV. y BOLIVAR (NO OFICIAL),7,-58.44187596,-34.64938031,PEATON,AUTO,Cruce
483,2019-0067,1,2019-08-14,1900-01-01 15:00:00,CALLE,"CASTRO, EMILIO 4706",10,-58.49101637,-34.64276621,MOTO,CARGAS,Altura
484,2019-0068,1,2019-08-14,1900-01-01 17:40:00,AVENIDA,27 DE FEBRERO AV. 5600,8,-58.42493829,-34.66256502,MOTO,MOTO,Altura
485,2019-0069,1,2019-08-17,1900-01-01 05:25:00,AVENIDA,"GARAY, JUAN DE AV. 2874",4,-58.40489318,-34.62930162,MOTO,AUTO,Altura
486,2019-0070,1,2019-08-22,1900-01-01 12:30:00,AVENIDA,"SCALABRINI ORTIZ, RAUL AV. y GORRITI",14,-58.4268668,-34.59217875,MOTO,BICICLETA,Cruce
487,2019-0071,1,2019-08-27,1900-01-01 11:30:00,AVENIDA,PRIMERA JUNTA y OLIVERA AV.,9,-58.479611,-34.65620398,PEATON,CARGAS,Cruce
488,2019-0072,1,2019-08-28,1900-01-01 06:20:00,AVENIDA,"ALBERDI, JUAN BAUTISTA AV. y AZUL",10,-58.47439934,-34.63524207,AUTO,AUTO,Cruce
489,2019-0073,1,2019-08-29,1900-01-01 01:50:00,AVENIDA,ALVAREZ THOMAS AV. 1788,15,-58.46711912,-34.57926018,AUTO,OBJETO FIJO,Altura
490,2019-0074,1,2019-08-29,1900-01-01 09:00:00,AUTOPISTA,"LUGONES, LEOPOLDO AV. y PAZ, GRAL. AV.",13,-58.46514781,-34.53465378,MOTO,CARGAS,Cruce
491,2019-0075,1,2019-08-30,1900-01-01 23:20:00,CALLE,SAN ANTONIO y LUJAN,4,-58.37571078,-34.65584079,MOTO,PASAJEROS,Cruce
492,2019-0076,1,2019-09-05,1900-01-01 18:00:00,AUTOPISTA,AUTOPISTA 1 SUR PRESIDENTE ARTURO FRONDIZI y DON PEDRO DE MENDOZA AV.,4,-58.37157668,-34.65429986,MOTO,CARGAS,Cruce
493,2019-0077,1,2019-09-08,1900-01-01 03:40:00,AVENIDA,"FIGUEROA ALCORTA, PRES. AV. y TAGLE",14,-58.39811256,-34.58070186,PEATON,AUTO,Cruce
494,2019-0078,1,2019-09-12,1900-01-01 08:25:00,AVENIDA,"EINSTEIN, ALBERTO y ALCORTA, AMANCIO AV.",4,-58.41125934,-34.6541774,PEATON,CARGAS,Cruce
495,2019-0079,1,2019-09-17,1900-01-01 05:30:00,CALLE,AGRELO y COLOMBRES,5,-58.41822901,-34.61866836,MOTO,PASAJEROS,Cruce
496,2019-0080,1,2019-09-17,1900-01-04 18:40:00,GRAL PAZ,"CABILDO AV. y PAZ, GRAL. AV.",13,-58.47617802,-34.53825652,PEATON,MOTO,Cruce
497,2019-0081,1,2019-09-23,1900-01-01 16:00:00,AVENIDA,ELCANO AV. 4300,15,-58.46141281,-34.58623761,PEATON,PASAJEROS,Altura
498,2019-0082,1,2019-09-25,1900-01-01 07:45:00,AVENIDA,"RABANAL, FRANCISCO, INTENDENTE AV. 2428",8,-58.42985146,-34.6611974,BICICLETA,CARGAS,Altura
499,2019-0083,1,2019-09-26,1900-01-01 08:00:00,CALLE,MONTE y CORVALAN,9,-58.48457413,-34.6583909,AUTO,AUTO,Cruce
500,2019-0084,1,2019-09-27,1900-01-01 11:45:00,CALLE,TANDIL y LAFUENTE,7,-58.46572884,-34.63628186,BICICLETA,CARGAS,Cruce
501,2019-0085,1,2019-10-09,1900-01-01 22:18:00,CALLE,CARDOSO y BACACAY,10,-58.49261744,-34.6341913,BICICLETA,TREN,Cruce
502,2019-0086,1,2019-10-15,1900-01-01 14:10:00,AVENIDA,CORRIENTES AV. 6700,15,-58.45283186,-34.5884156,MOTO,PASAJEROS,Altura
503,2019-0087,1,2019-10-21,1900-01-01 21:00:00,AVENIDA,ALVAREZ THOMAS AV. y MENDOZA,12,-58.47973681,-34.57418656,MOTO,MOTO,Cruce
504,2019-0088,1,2019-10-22,1900-01-01 20:00:00,AVENIDA,"ALCORTA, AMANCIO AV. y BONAVENA, OSCAR NATALIO",4,-58.40623949,-34.65076549,PEATON,PASAJEROS,Cruce
505,2019-0089,1,2019-10-23,1900-01-01 15:45:00,AVENIDA,"BROWN, ALTE. AV. y BLANES, JUAN MANUEL",4,-58.36244648,-34.63107887,PEATON,CARGAS,Cruce
506,2019-0090,1,2019-10-24,1900-01-01 18:26:00,AVENIDA,"ALBERDI, JUAN BAUTISTA AV. 5455",9,-58.49962423,-34.64868027,PEATON,MOTO,Altura
507,2019-0091,1,2019-11-01,1900-01-01 20:50:00,AVENIDA,"JUSTO, JUAN B. AV. y CAMARGO",15,-58.44551437,-34.59559816,PEATON,PASAJEROS,Cruce
508,2019-0092,1,2019-11-03,1900-01-01 10:30:00,CALLE,"BRIN, MINISTRO y SUAREZ",4,-58.35608181,-34.63420319,PEATON,PASAJEROS,Cruce
509,2019-0093,1,2019-11-13,1900-01-01 11:50:00,AVENIDA,"NIZA y JUSTO, JUAN B. AV.",11,-58.46483679,-34.60907662,BICICLETA,OTRO,Cruce
510,2019-0094,1,2019-11-18,1900-01-01 14:00:00,CALLE,CAMARGO y SERRANO,15,-58.44368628,-34.59724326,MOTO,OTRO,Cruce
511,2019-0095,1,2019-11-20,1900-01-01 15:30:00,AUTOPISTA,AUTOPISTA 1 SUR PRESIDENTE ARTURO FRONDIZI y CASEROS AV.,1,-58.37864583,-34.62907067,MOTO,CARGAS,Cruce
512,2019-0096,1,2019-11-22,1900-01-01 19:33:00,AVENIDA,CASEROS AV. y PIEDRAS,1,-58.37560352,-34.62726382,PEATON,PASAJEROS,Cruce
513,2019-0097,1,2019-11-25,1900-01-01 08:50:00,AUTOPISTA,AUTOPISTA PERITO MORENO KM. 5.6,9,-58.47721439,-34.64815069,MOTO,MULTIPLE,Altura
514,2019-0098,1,2019-11-25,1900-01-01 14:00:00,AVENIDA,GUZMAN 365,15,-58.45134029,-34.58984288,PASAJEROS,PASAJEROS,Altura
515,2019-0100,1,2019-12-05,1900-01-01 17:30:00,AVENIDA,DE LOS CONSTITUYENTES AV. 4300,12,-58.49040794,-34.58368803,MOTO,AUTO,Altura
516,2019-0101,1,2019-12-17,1900-01-01 04:20:00,AVENIDA,"MORENO, PERITO AV. y TILCARA AV.",4,-58.42102679,-34.64991178,MOTO,MOTO,Cruce
517,2019-0102,1,2019-12-17,1900-01-01 14:30:00,CALLE,"IBARROLA y GORDILLO, TIMOTEO",9,-58.52219407,-34.64143926,MOTO,AUTO,Cruce
518,2019-0103,1,2019-12-18,,GRAL PAZ,"PAZ, GRAL. AV. y GRIVEO",11,-58.52169422,-34.5947164,MOTO,MOTO,Cruce
519,2019-0104,1,2019-12-21,1900-01-01 04:25:00,AVENIDA,RIVADAVIA AV. y PERGAMINO,10,-58.47460416,-34.63206174,MOTO,AUTO,Cruce
520,2019-0105,1,2019-05-05,1900-01-01 11:00:00,AVENIDA,SANTO TOME y SEGUROLA AV.,10,-58.50512382,-34.61520391,PEATON,AUTO,Cruce
521,2020-0001,1,2020-01-04,1900-01-01 10:40:00,CALLE,URIARTE y LOYOLA,15,-58.43910409,-34.59213355,PEATON,AUTO,Cruce
522,2020-0002,1,2020-01-05,1900-01-01 20:00:00,AVENIDA,SARAZA y VARELA AV.,7,-58.45019436,-34.64646409,MOTO,OBJETO FIJO,Cruce
523,2020-0003,1,2020-01-11,1900-01-01 06:00:00,AVENIDA,RIVADAVIA AV. y COMBATE DE LOS POZOS,3,-58.39337644,-34.60927582,PEATON,AUTO,Cruce
524,2020-0004,1,2020-01-14,1900-01-01 21:40:00,AVENIDA,RODRIGUEZ PEÃ‘A y RIVADAVIA AV.,1,-58.39055614,-34.60919284,PEATON,PASAJEROS,Cruce
525,2020-0005,1,2020-01-14,1900-01-01 06:00:00,AVENIDA,24 DE NOVIEMBRE y SAN JUAN AV.,3,-58.41036975,-34.62477021,MOTO,PASAJEROS,Cruce
526,2020-0006,1,2020-01-20,1900-01-01 12:55:00,AVENIDA,LAFUENTE AV. 2250,8,-58.44925765,-34.65412546,MOTO,CARGAS,Altura
527,2020-0007,1,2020-01-27,1900-01-01 00:37:00,CALLE,CHILE y LIMA,1,-58.3815685,-34.61648696,PEATON,MOTO,Cruce
528,2020-0008,1,2020-01-30,1900-01-01 07:10:00,AVENIDA,"CORDOBA AV. y JAURES, JEAN",2,-58.40662899,-34.59804521,MOTO,CARGAS,Cruce
529,2020-0009,1,2020-02-04,1900-01-01 14:50:00,CALLE,"PERON, JUAN DOMINGO, TTE. GENERAL y SALGUERO, JERONIMO",5,-58.41985649,-34.6060085,PEATON,AUTO,Cruce
530,2020-0010,1,2020-02-08,1900-01-01 05:45:00,AVENIDA,9 DE JULIO AV. y SAN JUAN AV.,1,-58.38099833,-34.62214953,MOTO,OBJETO FIJO,Cruce
531,2020-0011,1,2020-02-12,1900-01-01 11:29:00,CALLE,COLOMBRES 466,5,-58.41803309,-34.61823178,MOTO,CARGAS,Altura
532,2020-0012,1,2020-02-18,1900-01-01 21:00:00,CALLE,MEXICO 2860,3,-58.40604003,-34.61783553,PEATON,MOTO,Altura
533,2020-0013,1,2020-02-20,1900-01-01 12:00:00,AVENIDA,COMBATIENTES DE MALVINAS AV. y TRIUNVIRATO AV.,15,-58.47549929,-34.57994061,PEATON,MOTO,Cruce
534,2020-0014,1,2020-02-27,1900-01-01 02:14:00,CALLE,BERMUDEZ y NOGOYA,11,-58.51398484,-34.61600366,MOTO,PASAJEROS,Cruce
535,2020-0015,1,2020-02-28,1900-01-01 14:30:00,AVENIDA,BRASIL AV. y PASEO COLON AV.,1,-58.36797542,-34.62519403,MOTO,PASAJEROS,Cruce
536,2020-0016,1,2020-02-29,1900-01-01 13:00:00,AVENIDA,"ALEM, LEANDRO N. AV. 770",1,-58.37133616,-34.59879316,PEATON,PASAJEROS,Altura
537,2020-0017,1,2020-03-05,1900-01-01 23:00:00,AVENIDA,BELGRANO AV. y RINCON,3,-58.39613805,-34.61413568,PEATON,AUTO,Cruce
538,2020-0018,1,2020-03-09,1900-01-01 14:00:00,AVENIDA,"UDAONDO, GUILLERMO AV. 901",13,-58.44903073,-34.54200276,MOTO,OBJETO FIJO,Altura
539,2020-0019,1,2020-03-10,1900-01-01 21:00:00,CALLE,CONSTITUCION y CASTRO,5,-58.41972364,-34.6284667,PEATON,AUTO,Cruce
540,2020-0020,1,2020-03-13,1900-01-01 17:30:00,AVENIDA,"PUEYRREDON AV. y GOMEZ, VALENTIN",3,-58.40571596,-34.60557123,PEATON,MOTO,Cruce
541,2020-0021,1,2020-03-14,1900-01-01 16:50:00,CALLE,"BRAVO, MARIO 1279",2,-58.4145159,-34.59488319,PEATON,AUTO,Altura
542,2020-0022,1,2020-04-07,1900-01-01 06:15:00,AUTOPISTA,AUTOPISTA DELLEPIANE LUIS TTE. GRAL. y ESCALADA AV.,9,-58.47297505,-34.66245085,AUTO,CARGAS,Cruce
543,2020-0023,1,2020-04-09,1900-01-01 18:42:00,AVENIDA,"ARAOZ DE LAMADRID, GREGORIO, GRAL. y BROWN, ALTE. AV.",4,-58.35791192,-34.63695178,AUTO,CARGAS,Cruce
544,2020-0024,1,2020-04-24,1900-01-01 07:58:00,CALLE,MURGUIONDO 1339,9,-58.50801713,-34.65177305,AUTO,AUTO,Altura
545,2020-0025,1,2020-05-12,1900-01-01 05:35:00,AVENIDA,RIVADAVIA AV. 2551,3,-58.40258477,-34.60975108,PEATON,AUTO,Altura
546,2020-0026,1,2020-05-17,1900-01-01 06:40:00,AUTOPISTA,nan,14,,,MOTO,OBJETO FIJO,Altura
547,2020-0027,1,2020-05-18,1900-01-01 08:00:00,AVENIDA,"DELLEPIANE, LUIS, TTE. GRAL. y MONTIEL",8,-58.48267426,-34.68454456,PEATON,CARGAS,Cruce
548,2020-0028,1,2020-05-19,1900-01-01 10:00:00,AVENIDA,"SCALABRINI ORTIZ, RAUL AV. y WARNES AV.",15,-58.44248936,-34.60221948,PEATON,PASAJEROS,Cruce
549,2020-0029,1,2020-06-10,1900-01-01 14:00:00,GRAL PAZ,"PAZ, GRAL. AV. y ROFFO, ANGEL H., DR.",9,-58.52909134,-34.63886726,PEATON,PASAJEROS,Cruce
550,2020-0030,1,2020-06-16,1900-01-01 15:00:00,AVENIDA,SAN MARTIN AV. 1550,6,-58.45158942,-34.6064658,MOTO,MULTIPLE,Altura
551,2020-0031,1,2020-06-30,1900-01-01 08:00:00,AVENIDA,"GARZON, EUGENIO, GRAL. AV. y LARRAYA",9,-58.49344309,-34.65788529,MOTO,CARGAS,Cruce
552,2020-0032,1,2020-07-10,1900-01-01 23:00:00,AVENIDA,CORRIENTES AV. y SERRANO,15,-58.44259166,-34.59635137,MOTO,AUTO,Cruce
553,2020-0033,1,2020-07-19,1900-01-01 06:25:00,GRAL PAZ,"PAZ, GRAL. AV. y DEL LIBERTADOR AV.",13,-58.46743471,-34.53476874,AUTO,OBJETO FIJO,Cruce
554,2020-0034,1,2020-08-02,1900-01-01 03:20:00,CALLE,"MITRE, BARTOLOME y ANCHORENA, TOMAS MANUEL DE, DR.",3,-58.41178158,-34.60922259,PEATON,AUTO,Cruce
555,2020-0035,1,2020-08-04,1900-01-01 05:30:00,AUTOPISTA,AUTOPISTA 25 DE MAYO y PUMACAHUA,7,-58.45068621,-34.63638927,MOTO,PASAJEROS,Cruce
556,2020-0036,1,2020-08-07,1900-01-01 18:40:00,AVENIDA,"SCALABRINI ORTIZ, RAUL AV. y PARAGUAY",14,-58.42016954,-34.5877879,PEATON,MOTO,Cruce
557,2020-0037,1,2020-08-29,1900-01-01 04:30:00,AVENIDA,"FERNANDEZ DE LA CRUZ, F., GRAL. AV. y VARELA AV.",8,-58.43850413,-34.65554754,PEATON,AUTO,Cruce
558,2020-0038,2,2020-08-30,1900-01-01 04:00:00,AVENIDA,"LAS HERAS GENERAL AV. y DIAZ, CNEL. AV.",14,-58.40617526,-34.58345898,AUTO,AUTO,Cruce
559,2020-0039,1,2020-09-01,1900-01-01 19:17:42,CALLE,MURGUIONDO,9,,,PEATON,CARGAS,Altura
560,2020-0040,1,2020-09-12,1900-01-01 03:30:00,AVENIDA,"CASTILLO, RAMON S., PRES. AV. y CALLE 12 (NO OFICIAL)",2,-58.38526125,-34.5780581,AUTO,OBJETO FIJO,Cruce
561,2020-0041,1,2020-09-28,1900-01-01 01:45:00,AVENIDA,"CURAPALIGUE y PERON, EVA AV.",7,-58.4475047,-34.63491705,MOTO,PASAJEROS,Cruce
562,2020-0042,1,2020-09-29,1900-01-01 17:10:00,AVENIDA,"DIAZ, ANA y SOLDADO DE LA FRONTERA AV.",8,-58.46745752,-34.68192648,PEATON,PASAJEROS,Cruce
563,2020-0043,1,2020-09-30,1900-01-01 17:20:00,AVENIDA,"ALEM, LEANDRO N. AV. y PARAGUAY",1,-58.37202621,-34.59717942,PEATON,PASAJEROS,Cruce
564,2020-0044,1,2020-10-05,1900-01-01 00:20:00,AVENIDA,LA PLATA AV. e INDEPENDENCIA AV.,6,-58.42779702,-34.62207347,AUTO,AUTO,Altura
565,2020-0045,1,2020-10-19,1900-01-01 03:00:00,GRAL PAZ,"PAZ, GRAL. AV. y 27 DE FEBRERO AV.",8,-58.46244952,-34.70524971,AUTO,CARGAS,Cruce
566,2020-0046,1,2020-10-27,1900-01-01 21:00:00,AVENIDA,"NAZCA AV. y CARRANZA, ADOLFO P.",11,-58.4844016,-34.60776782,MOTO,MOTO,Cruce
567,2020-0047,1,2020-10-27,1900-01-01 14:00:00,AUTOPISTA,AUTOPISTA PRESIDENTE HÃ‰CTOR J. CÃMPORA y LACARRA AV.,9,-58.46668375,-34.65174801,PEATON,CARGAS,Cruce
568,2020-0048,1,2020-10-29,1900-01-01 20:20:00,AVENIDA,DORREGO AV. 614,15,-58.4495878,-34.59322448,MOTO,OBJETO FIJO,Altura
569,2020-0049,1,2020-10-30,1900-01-01 20:00:00,AVENIDA,"DEL LIBERTADOR AV. y RAMOS MEJIA, JOSE MARIA, DR. AV.",1,-58.37533517,-34.59276462,PEATON,AUTO,Cruce
570,2020-0050,1,2020-11-01,1900-01-01 22:00:00,AVENIDA,SANTA FE AV. y GODOY CRUZ,14,-58.42525456,-34.57866344,PEATON,MOTO,Cruce
571,2020-0051,1,2020-11-05,1900-01-01 00:40:00,AVENIDA,AVELLANEDA AV. y MERCEDES,10,-58.48493828,-34.62981124,MOTO,AUTO,Cruce
572,2020-0052,1,2020-11-07,1900-01-01 06:50:00,AVENIDA,TUCUMAN y PUEYRREDON AV.,3,-58.40480504,-34.60183884,BICICLETA,CARGAS,Cruce
573,2020-0053,1,2020-11-09,1900-01-01 03:30:00,AVENIDA,"ALCORTA, AMANCIO AV. y EINSTEIN, ALBERTO",4,-58.41125934,-34.6541774,AUTO,AUTO,Cruce
574,2020-0054,1,2020-11-19,1900-01-01 09:00:00,CALLE,INCLAN y ALBERTI,4,-58.39956546,-34.6297708,BICICLETA,AUTO,Cruce
575,2020-0055,1,2020-11-19,1900-01-01 12:30:00,AVENIDA,OLAZABAL AV. 5437,12,-58.49005682,-34.5786897,PEATON,CARGAS,Altura
576,2020-0056,1,2020-11-21,1900-01-01 13:00:00,GRAL PAZ,"PAZ, GRAL. AV. y ROCA, CNEL. AV.",8,-58.47064556,-34.69843756,MOTO,CARGAS,Cruce
577,2020-0057,1,2020-11-23,1900-01-01 07:45:00,AVENIDA,"NAZCA AV. y VIALE, LUIS",11,-58.4750156,-34.61945902,PEATON,AUTO,Cruce
578,2020-0058,1,2020-11-24,1900-01-01 16:00:00,AVENIDA,"OLIVERA AV. y FALCON, RAMON L.,CNEL.",10,-58.48727942,-34.63652467,PEATON,AUTO,Cruce
579,2020-0059,1,2020-12-01,1900-01-01 06:35:00,CALLE,BRASIL 1100,1,-58.3795169,-34.62794241,PEATON,PASAJEROS,Altura
580,2020-0060,1,2020-12-03,1900-01-01 20:30:00,AVENIDA,"HOMERO y PERON, EVA AV.",9,-58.47750832,-34.65672199,PEATON,MOTO,Cruce
581,2020-0061,1,2020-12-03,1900-01-01 14:40:00,AUTOPISTA,"CANTILO, INT. y UDAONDO, GUILLERMO AV.",13,-58.44927253,-34.54048625,MOTO,CARGAS,Cruce
582,2020-0062,1,2020-12-04,1900-01-01 17:19:00,CALLE,MORENO 1845,3,-58.39246272,-34.61253541,BICICLETA,PASAJEROS,Altura
583,2020-0063,2,2020-12-05,1900-01-01 07:10:00,CALLE,NUEVA YORK y ALTA GRACIA,11,-58.52783814,-34.61047001,PEATON_MOTO,MOTO,Cruce
584,2020-0065,1,2020-12-05,1900-01-01 16:00:00,GRAL PAZ,"PAZ, GRAL. AV. y GOYENECHE, ROBERTO PARQUE AV.",12,-58.49332664,-34.54836855,MOTO,AUTO,Cruce
585,2020-0066,1,2020-12-07,1900-01-01 04:30:00,AUTOPISTA,AUTOPISTA PERITO MORENO (ALTURA ESTACION DE TREN VILLA LURO),10,-58.50178784,-34.63593897,MOTO,OBJETO FIJO,Altura
586,2020-0067,1,2020-12-11,1900-01-01 22:00:00,AVENIDA,SAENZ AV. y BEAZLEY,4,-58.41657793,-34.65476216,PEATON,PASAJEROS,Cruce
587,2020-0068,1,2020-12-12,1900-01-01 20:30:00,AVENIDA,DEL LIBERTADOR AV. y AUSTRIA,2,-58.39731474,-34.58307887,MOTO,AUTO,Cruce
588,2020-0069,1,2020-12-15,1900-01-01 05:20:00,AVENIDA,"INDEPENDENCIA AV. y SAENZ PEÃ‘A, LUIS, PRES.",1,-58.38746381,-34.61790839,MOTO,PASAJEROS,Cruce
589,2020-0070,1,2020-12-17,1900-01-01 15:35:00,AVENIDA,"CALLAO AV. y LAS HERAS, GENERAL",2,-58.39189441,-34.59176378,PEATON,PASAJEROS,Cruce
590,2020-0071,1,2020-12-17,1900-01-01 23:00:00,AVENIDA,SAN PEDRITO AV. y DIRECTORIO AV.,7,-58.46749188,-34.63551751,PEATON,AUTO,Cruce
591,2020-0072,1,2020-12-19,1900-01-01 03:30:00,AVENIDA,"JUJUY AV. y CALVO, CARLOS",3,-58.40280471,-34.62113271,BICICLETA,AUTO,Cruce
592,2020-0073,1,2020-12-20,1900-01-01 07:40:00,AVENIDA,27 DE FEBRERO AV. y ESCALADA AV.,8,-58.44451316,-34.68475866,MOTO,OBJETO FIJO,Cruce
593,2020-0074,1,2020-12-20,1900-01-01 21:00:00,AVENIDA,BOGOTA y NAZCA AV.,7,-58.47110424,-34.62742408,AUTO,AUTO,Cruce
594,2020-0075,1,2020-12-23,1900-01-01 14:00:00,AVENIDA,CORRIENTES AV. y 9 DE JULIO AV.,1,-58.38220928,-34.60373898,PEATON,PASAJEROS,Cruce
595,2020-0076,1,2020-12-24,1900-01-01 12:30:00,AVENIDA,ALVAREZ JONTE AV. y CHIVILCOY,10,-58.49794468,-34.61565025,AUTO,PASAJEROS,Cruce
596,2020-0077,2,2020-12-25,1900-01-01 06:40:00,AVENIDA,SAN MARTIN AV. y PUNTA ARENAS,15,-58.47220945,-34.60111373,MOTO,AUTO,Cruce
597,2020-0078,1,2020-12-25,1900-01-01 05:50:00,CALLE,BARCO CENTENERA DEL 1118,7,-58.43706741,-34.63217813,BICICLETA,PASAJEROS,Altura
598,2020-0079,1,2020-12-27,1900-01-01 04:15:00,GRAL PAZ,"PAZ, GRAL. AV. y GOYENECHE, ROBERTO PARQUE AV.",12,-58.49332664,-34.54836855,MOTO,OBJETO FIJO,Cruce
599,2021-0001,1,2021-01-06,1900-01-01 18:00:00,AUTOPISTA,AU FRONDIZI KM. 3,1,-58.37960727,-34.62622851,MOTO,AUTO,Altura
600,2021-0002,1,2021-01-07,1900-01-01 10:20:00,AVENIDA,"CASTRO, EMILIO AV. y MURGUIONDO",9,-58.51061062,-34.64972472,MOTO,CARGAS,Cruce
601,2021-0003,1,2021-01-10,1900-01-01 07:40:00,AUTOPISTA,AUTOPISTA 25 DE MAYO KM. 3.7,7,-58.43052224,-34.62941648,MOTO,OBJETO FIJO,Altura
602,2021-0004,1,2021-01-11,1900-01-01 09:12:18,AVENIDA,CASEROS AV. y GUARANI,5,-58.41455544,-34.63866836,PEATON,CARGAS,Cruce
603,2021-0005,1,2021-01-11,1900-01-01 21:30:00,AVENIDA,"PERON, EVA AV. 3800",9,-58.46774439,-34.64730145,PEATON,AUTO,Altura
604,2021-0006,1,2021-01-12,1900-01-01 21:00:00,AUTOPISTA,AUTOPISTA ARTURO ILLIA y SARMIENTO AV.,14,-58.40786274,-34.56726817,MOTO,CARGAS,Cruce
605,2021-0007,1,2021-01-18,1900-01-01 10:00:00,AVENIDA,DE LOS CONSTITUYENTES AV. y GIRIBONE,15,-58.48744301,-34.58622275,MOTO,MOTO,Cruce
606,2021-0008,1,2021-01-22,1900-01-01 23:30:00,AVENIDA,"SAENZ AV. y RABANAL, FRANCISCO, INTENDENTE AV.",4,-58.41657793,-34.65476216,PEATON,PASAJEROS,Cruce
607,2021-0009,1,2021-01-23,1900-01-01 05:30:00,AVENIDA,PAYSANDU y GAONA AV.,6,-58.45351111,-34.61134937,MOTO,OBJETO FIJO,Cruce
608,2021-0010,1,2021-01-23,1900-01-01 08:00:00,GRAL PAZ,"PAZ, GRAL. AV. y BALBIN, RICARDO, DR. AV.",12,-58.5007381,-34.5497951,MOTO,AUTO,Cruce
609,2021-0011,1,2021-01-27,1900-01-01 01:04:26,AVENIDA,SANTA FE AV. 1675,2,-58.39144148,-34.59564871,PEATON,AUTO,Altura
610,2021-0012,1,2021-01-29,1900-01-01 20:07:22,AUTOPISTA,"DELLEPIANE, LUIS, TTE. GRAL. y GUAMINI",8,-58.48191128,-34.68385968,PEATON,AUTO,Cruce
611,2021-0013,1,2021-01-31,1900-01-01 06:10:00,AVENIDA,"FALCON, RAMON L.,CNEL. y OLIVERA AV.",10,-58.48727942,-34.63652467,MOTO,OBJETO FIJO,Cruce
612,2021-0014,1,2021-02-02,1900-01-01 00:50:00,AVENIDA,SAN MARTIN AV. y NOGOYA,15,-58.48328708,-34.59779521,PEATON,AUTO,Cruce
613,2021-0015,1,2021-02-06,1900-01-01 03:05:00,AVENIDA,SAN MARTIN AV. y TINOGASTA,15,-58.49018543,-34.5972499,MOTO,OBJETO FIJO,Cruce
614,2021-0016,1,2021-02-14,1900-01-01 05:50:00,AVENIDA,"FERNANDEZ DE LA CRUZ, F., GRAL. AV. y DE LA TORRE, LISANDRO",8,-58.47230127,-34.68482689,AUTO,OBJETO FIJO,Cruce
615,2021-0017,1,2021-02-17,1900-01-01 04:10:00,AVENIDA,SALTA y CASEROS AV.,1,-58.38262614,-34.63168269,MOTO,PASAJEROS,Cruce
616,2021-0018,1,2021-02-20,1900-01-01 19:00:00,CALLE,"JAURES, JEAN y PERON, JUAN DOMINGO, TTE. GENERAL",3,-58.41047268,-34.60793518,PEATON,AUTO,Cruce
617,2021-0019,1,2021-02-21,1900-01-01 01:20:00,AVENIDA,"TRIUNVIRATO AV. y LARRALDE, CRISOLOGO AV.",12,-58.49659234,-34.56353635,MOTO,OBJETO FIJO,Cruce
618,2021-0020,1,2021-02-21,1900-01-01 15:00:00,CALLE,POTOSI y GASCON,5,-58.42462955,-34.60727189,PEATON,CARGAS,Cruce
619,2021-0021,1,2021-02-26,1900-01-01 05:30:00,CALLE,"YRIGOYEN, HIPOLITO y 24 DE NOVIEMBRE",3,-58.41168345,-34.61185625,MOTO,OBJETO FIJO,Cruce
620,2021-0022,1,2021-02-28,1900-01-01 12:00:00,AVENIDA,DEL LIBERTADOR AV. y ROOSEVELT FRANKLIN D.,13,-58.45157681,-34.55217303,PASAJEROS,SD,Cruce
621,2021-0023,1,2021-03-01,1900-01-01 09:20:00,AUTOPISTA,nan,4,,,MOTO,CARGAS,Altura
622,2021-0024,1,2021-03-03,1900-01-01 16:30:00,AVENIDA,"PERON, EVA AV. y PIEDRA BUENA AV.",9,-58.49573651,-34.67006054,BICICLETA,CARGAS,Cruce
623,2021-0025,1,2021-03-11,1900-01-01 03:45:00,GRAL PAZ,"PAZ, GRAL. AV. y AUTOPISTA DELLEPIANE LUIS TTE. GRAL.",8,-58.48695354,-34.68795245,MOTO,OTRO,Cruce
624,2021-0026,1,2021-03-15,1900-01-01 02:35:00,AUTOPISTA,"AUTOPISTA 1 SUR PRESIDENTE ARTURO FRONDIZI y QUINQUELA MARTIN, BENITO",4,-58.37562539,-34.64449357,MOTO,OBJETO FIJO,Cruce
625,2021-0027,1,2021-03-16,1900-01-01 15:30:00,GRAL PAZ,"PAZ, GRAL. AV. y DONADO",12,-58.49491054,-34.54795581,MOTO,CARGAS,Cruce
626,2021-0028,1,2021-03-29,1900-01-01 17:20:00,AVENIDA,"COREA AV. y TORRES Y TENORIO, PRES.",7,-58.44147621,-34.64357704,PEATON,PASAJEROS,Cruce
627,2021-0029,1,2021-03-31,1900-01-01 18:05:00,AVENIDA,"FALCON, RAMON L.,CNEL. y SAN PEDRITO AV.",7,-58.46899119,-34.63215432,AUTO,AUTO,Cruce
628,2021-0030,1,2021-04-03,1900-01-01 18:30:00,CALLE,FINOCHIETTO ENRIQUE DR. 1623,4,-58.38685612,-34.63455776,PEATON,PASAJEROS,Altura
629,2021-0031,1,2021-04-07,1900-01-01 10:29:00,AVENIDA,9 DE JULIO AV. e INDEPENDENCIA AV.,1,-58.38113667,-34.61765323,PEATON,CARGAS,Altura
630,2021-0032,1,2021-04-10,1900-01-01 19:55:00,AUTOPISTA,"CANTILO, INT. y GUIRALDES, INT.",13,-58.44112678,-34.54538956,PEATON,MOTO,Cruce
631,2021-0033,1,2021-04-14,1900-01-01 17:50:00,AUTOPISTA,AUTOPISTA 25 DE MAYO y BOEDO AV.,5,-58.41595919,-34.62743346,AUTO,OBJETO FIJO,Cruce
632,2021-0034,1,2021-04-19,1900-01-01 14:40:00,AVENIDA,"ALCORTA, AMANCIO AV. y ZAVALETA",4,-58.40184094,-34.64546845,MOTO,CARGAS,Cruce
633,2021-0035,1,2021-05-03,1900-01-01 09:20:00,AVENIDA,"JANER, ANA MARIA y LAFUENTE AV.",8,-58.44642231,-34.65679806,MOTO,CARGAS,Cruce
634,2021-0036,1,2021-05-09,1900-01-01 06:00:00,GRAL PAZ,"PAZ, GRAL. AV. y MOSCONI GENERAL AV.",11,-58.52340614,-34.59798754,MOTO,OBJETO FIJO,Cruce
635,2021-0037,1,2021-05-11,1900-01-01 07:10:00,AVENIDA,"MONROE y BALBIN, RICARDO, DR. AV.",13,-58.46649069,-34.56219075,PEATON,PASAJEROS,Cruce
636,2021-0038,1,2021-05-14,1900-01-01 11:40:00,AVENIDA,"JUSTO, JUAN B. AV. y SANTA FE AV.",14,-58.42653328,-34.57816791,MOTO,CARGAS,Cruce
637,2021-0039,1,2021-05-15,1900-01-01 12:09:00,AVENIDA,"OLIDEN y ALBERDI, JUAN BAUTISTA AV.",9,-58.50407099,-34.65303372,BICICLETA,AUTO,Cruce
638,2021-0040,1,2021-05-20,1900-01-01 05:50:00,GRAL PAZ,"PAZ, GRAL. AV. y DEL LIBERTADOR AV.",13,-58.46743471,-34.53476874,MOTO,AUTO,Cruce
639,2021-0041,1,2021-05-20,1900-01-01 08:30:00,AVENIDA,DEL LIBERTADOR AV. y CASARES AV.,14,-58.40986646,-34.5772806,PEATON,PASAJEROS,Cruce
640,2021-0042,1,2021-05-21,1900-01-01 05:00:00,AVENIDA,RIVADAVIA AV. 10900,9,-58.51739138,-34.63931792,PEATON,PASAJEROS,Altura
641,2021-0043,1,2021-05-22,1900-01-01 18:26:00,AVENIDA,"ALBERDI, JUAN BAUTISTA AV. y PILAR",9,-58.50719962,-34.65556223,PEATON,AUTO,Cruce
642,2021-0044,1,2021-05-25,1900-01-01 02:00:00,AVENIDA,"PERON, EVA AV. y ACOSTA, MARIANO",9,-58.46712311,-34.64600222,MOTO,OBJETO FIJO,Cruce
643,2021-0045,1,2021-05-26,1900-01-01 17:24:00,AUTOPISTA,AUTOPISTA 1 SUR PRESIDENTE ARTURO FRONDIZI y SUAREZ AV.,4,-58.37709334,-34.64035082,MOTO,MULTIPLE,Cruce
644,2021-0046,1,2021-05-31,1900-01-01 02:00:00,AVENIDA,ELCANO AV. y GUZMAN AV.,15,-58.46033141,-34.58569883,AUTO,OBJETO FIJO,Cruce
645,2021-0047,1,2021-06-02,1900-01-01 16:00:00,AVENIDA,"VEDIA, AGUSTIN DE y RABANAL, FRANCISCO, INTENDENTE AV.",4,-58.42190745,-34.65633192,MOTO,AUTO,Cruce
646,2021-0048,1,2021-06-03,1900-01-01 09:58:00,AVENIDA,CAPDEVILA y CONGRESO AV.,12,-58.49026573,-34.5698141,BICICLETA,AUTO,Cruce
647,2021-0049,1,2021-06-03,1900-01-01 20:30:00,AVENIDA,"FERNANDEZ DE LA CRUZ, F., GRAL. AV. 4000",8,-58.45410344,-34.66902702,AUTO,AUTO,Altura
648,2021-0050,1,2021-06-10,1900-01-01 13:30:00,AVENIDA,DEL LIBERTADOR AV. 5958,13,-58.44751621,-34.55719892,MOTO,PASAJEROS,Altura
649,2021-0051,1,2021-06-15,1900-01-01 19:20:00,AVENIDA,27 DE FEBRERO AV. y EREZCANO AV.,4,-58.42040352,-34.66005171,PEATON,CARGAS,Cruce
650,2021-0052,1,2021-06-20,1900-01-01 05:40:00,GRAL PAZ,"PAZ, GRAL. AV. 14723",8,-58.49530249,-34.68010798,MOTO,OBJETO FIJO,Altura
651,2021-0053,1,2021-06-20,1900-01-01 12:00:00,AVENIDA,CORRIENTES AV. 5783,15,-58.44399875,-34.5947736,PEATON,BICICLETA,Altura
652,2021-0054,1,2021-06-22,1900-01-01 14:44:00,CALLE,TABARE y EREZCANO,4,-58.42759813,-34.65463857,MOTO,CARGAS,Cruce
653,2021-0055,1,2021-06-29,1900-01-01 12:20:00,AVENIDA,CORRIENTES AV. y PUEYRREDON AV.,3,-58.40547222,-34.60456293,MOTO,CARGAS,Cruce
654,2021-0056,1,2021-07-09,1900-01-01 23:25:00,AVENIDA,"CORRALES y MORENO, PERITO AV.",4,-58.42473018,-34.6500828,BICICLETA,AUTO,Cruce
655,2021-0057,1,2021-07-10,1900-01-01 23:30:00,AUTOPISTA,AUTOPISTA  ARTURO ILLIA (CABINA DE PEAJE),2,-58.39257023,-34.57563957,AUTO,OBJETO FIJO,Altura
656,2021-0058,1,2021-07-21,1900-01-01 00:40:00,GRAL PAZ,"PAZ, GRAL. AV. y VEDIA",12,-58.48941042,-34.54596153,PEATON,AUTO,Cruce
657,2021-0059,1,2021-07-22,1900-01-01 01:20:00,AVENIDA,"GARAY, JUAN DE AV. 2269",3,-58.3964074,-34.62783085,AUTO,OBJETO FIJO,Altura
658,2021-0060,1,2021-07-22,1900-01-01 12:30:00,AVENIDA,"SALGUERO, JERONIMO y RIVADAVIA AV.",5,-58.41971993,-34.6111224,PEATON,PASAJEROS,Cruce
659,2021-0061,1,2021-07-24,1900-01-01 09:15:00,AVENIDA,"MORENO, PERITO AV. y ALCORTA, AMANCIO AV.",4,-58.40544588,-34.65012801,PEATON,CARGAS,Cruce
660,2021-0062,1,2021-07-27,1900-01-01 07:16:00,AVENIDA,LA PLATA AV. 2723,4,-58.42003882,-34.64645957,AUTO,CARGAS,Altura
661,2021-0063,1,2021-08-02,1900-01-01 04:40:00,AVENIDA,"ALBERDI, JUAN BAUTISTA AV. 2906",7,-58.46851293,-34.63348678,AUTO,AUTO,Altura
662,2021-0064,1,2021-08-02,1900-01-01 20:00:00,GRAL PAZ,"PAZ, GRAL. AV. y TONELERO",9,-58.52931141,-34.65422917,PEATON,CARGAS,Cruce
663,2021-0065,1,2021-08-06,1900-01-01 08:30:00,AVENIDA,SAN JUAN AV. y LA PLATA AV.,6,-58.42675754,-34.6269973,PEATON,PASAJEROS,Cruce
664,2021-0066,1,2021-08-06,1900-01-01 20:00:00,AVENIDA,"LOPE DE VEGA AV. y PAZ, GRAL. AV.",11,-58.52933723,-34.61098186,PEATON,PASAJEROS,Cruce
665,2021-0067,1,2021-08-08,1900-01-01 09:29:00,AUTOPISTA,AUTOPISTA 1 SUR PRESIDENTE ARTURO FRONDIZI y BRASIL,1,-58.37910943,-34.62764718,MOTO,OBJETO FIJO,Cruce
666,2021-0068,1,2021-08-15,1900-01-01 06:10:00,AVENIDA,"BEIRO, FRANCISCO AV. 5071",11,-58.52161176,-34.61164474,MOTO,OBJETO FIJO,Altura
667,2021-0069,1,2021-08-20,1900-01-01 17:15:00,AVENIDA,SANTA FE AV. 3428,14,-58.41354692,-34.5869768,PEATON,AUTO,Altura
668,2021-0070,1,2021-08-28,1900-01-01 08:30:00,AVENIDA,"CHILAVERT, MARTINIANO, CORONEL y VARELA AV.",8,-58.43960781,-34.65470804,MOTO,CARGAS,Cruce
669,2021-0071,1,2021-08-31,1900-01-01 16:00:00,CALLE,SAN LUIS 2730,3,-58.4045461,-34.60003693,PEATON,MOTO,Altura
670,2021-0072,1,2021-09-01,1900-01-01 19:10:00,AVENIDA,CALLAO AV. y PARAGUAY,2,-58.39303911,-34.59871111,PEATON,AUTO,Cruce
671,2021-0073,1,2021-09-18,1900-01-01 12:20:00,AVENIDA,"DEL LIBERTADOR AV. y AGOTE, LUIS DR.",2,-58.39391034,-34.58405348,BICICLETA,AUTO,Cruce
672,2021-0074,1,2021-09-20,1900-01-01 15:00:00,GRAL PAZ,"PAZ, GRAL. AV. y BALBIN, RICARDO, DR. AV.",12,-58.5007381,-34.5497951,MOTO,MULTIPLE,Cruce
673,2021-0075,1,2021-09-21,1900-01-01 14:30:00,CALLE,SALTA y BRASIL,1,-58.38281301,-34.62786038,PEATON,CARGAS,Cruce
674,2021-0076,1,2021-10-16,1900-01-01 06:15:00,AVENIDA,"MORENO, PERITO AV. 2152",7,-58.43980799,-34.65094083,MOTO,OBJETO FIJO,Altura
675,2021-0077,1,2021-10-18,1900-01-01 07:20:00,AVENIDA,DIRECTORIO AV. 1169,6,-58.44402387,-34.62933109,MOTO,CARGAS,Altura
676,2021-0078,1,2021-10-23,1900-01-01 06:35:00,AVENIDA,INDEPENDENCIA AV. y LA PLATA AV.,6,-58.42779702,-34.62207347,MOTO,PASAJEROS,Cruce
677,2021-0079,1,2021-10-25,1900-01-01 03:30:00,CALLE,TUCUMAN 3112,3,-58.40944147,-34.60097942,PEATON,AUTO,Altura
678,2021-0080,1,2021-10-28,1900-01-01 16:16:00,AVENIDA,ARENALES y 9 DE JULIO AV.,1,-58.38277479,-34.5943016,MOTO,AUTO,Cruce
679,2021-0081,1,2021-11-02,1900-01-01 13:35:00,AUTOPISTA,AUTOPISTA 1 SUR PRESIDENTE ARTURO FRONDIZI y BRANDSEN,4,-58.37627355,-34.63800916,MOTO,CARGAS,Cruce
680,2021-0082,1,2021-11-06,1900-01-01 04:39:00,AUTOPISTA,AUTOPISTA 25 DE MAYO y PASCO,3,-58.39591856,-34.62453459,MOTO,AUTO,Cruce
681,2021-0083,1,2021-11-09,1900-01-01 00:35:00,AVENIDA,CABILDO AV. y OLAZABAL,13,-58.45829717,-34.56015762,MOTO,AUTO,Cruce
682,2021-0084,1,2021-11-11,1900-01-01 03:00:00,AVENIDA,TAPALQUE y BRUIX AV.,9,-58.49142611,-34.64584795,AUTO,OBJETO FIJO,Cruce
683,2021-0085,1,2021-11-20,1900-01-01 18:30:00,GRAL PAZ,"PAZ, GRAL. AV. y EZEIZA",12,-58.51271409,-34.57786555,MOTO,OBJETO FIJO,Cruce
684,2021-0086,1,2021-11-25,1900-01-01 10:10:00,AVENIDA,RIVADAVIA AV. y PUAN,6,-58.44864864,-34.62352826,PEATON,PASAJEROS,Cruce
685,2021-0087,1,2021-11-27,1900-01-01 11:22:00,CALLE,ESMERALDA 1359,1,-58.37795815,-34.59167894,PEATON,BICICLETA,Altura
686,2021-0088,1,2021-12-01,1900-01-01 15:40:00,CALLE,MONROE y 3 DE FEBRERO,13,-58.45531707,-34.55555257,MOTO,AUTO,Cruce
687,2021-0089,1,2021-12-02,1900-01-01 01:10:00,AVENIDA,GAONA AV. 3655,11,-58.47633683,-34.62140594,MOTO,AUTO,Altura
688,2021-0090,1,2021-12-10,1900-01-01 11:45:00,AVENIDA,9 DE JULIO AV. y LAVALLE,1,-58.38188582,-34.60256036,PEATON,PASAJEROS,Cruce
689,2021-0091,1,2021-12-11,1900-01-01 23:00:00,CALLE,"BAIGORRIA y HUGO, VICTOR",10,-58.51989389,-34.62284918,MOTO,AUTO,Cruce
690,2021-0092,1,2021-12-12,1900-01-01 06:20:00,AVENIDA,RIVADAVIA AV. y PUEYRREDON AV.,3,-58.4059686,-34.61011987,PEATON,AUTO,Cruce
691,2021-0093,1,2021-12-13,1900-01-01 17:10:00,AVENIDA,RIESTRA AV. y MOM,7,-58.43353773,-34.64561636,MOTO,AUTO,Cruce
692,2021-0094,1,2021-12-20,1900-01-01 01:10:00,AUTOPISTA,"DELLEPIANE, LUIS, TTE. GRAL. y LACARRA AV.",9,-58.46739825,-34.65117757,MOTO,AUTO,Cruce
693,2021-0095,1,2021-12-30,1900-01-01 00:43:00,AVENIDA,GAONA AV. y TERRADA,11,-58.47293407,-34.61984745,MOTO,CARGAS,Cruce
694,2021-0096,1,2021-12-15,1900-01-01 10:30:00,AVENIDA,"PERON, EVA AV. 4071",9,-58.47066794,-34.65021673,AUTO,CARGAS,Altura
695,2021-0097,1,2021-11-18,1900-01-01 06:10:00,CALLE,PADRE CARLOS MUGICA 709,1,-58.37976155,-34.58679619,BICICLETA,AUTO,Altura
